pharmacy_id,name,address,latitude,longitude,source
ChIJkQkD9_0tzjERDzZHC1wnndc,9 NINE PHARMACY,"11, JALAN PKY 2, PUSAT KOMERSIL YAYASAN BULOH KASAP, Kampung Rasau, 85000 Segamat, Johor Darul Ta'zim, Malaysia",2.5486602,102.7942201,google_places
ChIJ2epH7-h52jERSi-8OuR1fL0,AEON Wellness AEON Kulaijaya,"Lot G79-W, Ground Floor, AEON KulaiJaya Shopping Mall, Persiaran Indahpura Utama, Bandar Indahpura, 81000 Kulai, Johor Darul Ta'zim, Malaysia",1.6407484,103.618027,google_places
ChIJKbgKAvIV2jER3EZ4MJpy9L8,AL QANAAH PHARMACY (TAMAN AIR BIRU),"6, JALAN 9/9 PERJIRANAN 9, TAMAN PERINDUSTRIAN, Taman Air Biru, 81700 Pasir Gudang, Johor Darul Ta'zim, Malaysia",1.458195,103.912672,google_places
ChIJ2ejC8RtB2jERrQe98S9CWKY,AL QANAAH PHARMACY (TAMAN SCIENTEX),"30A, Jln Belatuk 4, Taman Scientex, 81700 Pasir Gudang, Johor Darul Ta'zim, Malaysia",1.5022139,103.9151895,google_places
ChIJd0T3Wvxn2jERRTlUvlLxpXI,AL QANAAH PHARMACY (TAMAN SRI SAUJANA),"6B, 8, Jln SS 2, Taman Sri Saujana, 81900 Kota Tinggi, Johor Darul Ta'zim, Malaysia",1.6707057,103.8509426,google_places
ChIJ3aRNXyd12jERqLHBi7WR1cQ,AL QANAAH PHARMACY PULAI MUTIARA,"No 47, Jalan Pulai Mutiara, 9/6, Taman Pulai Mutiara 2, 81300 Johor Bahru, Johor Darul Ta'zim, Malaysia",1.5315477,103.5820681,google_places
ChIJXbHHfwlr2jERcEcs4b9ZWyM,ALFA PHARMA Pharmacy (Farmasi ALFA PHARMA),"21, Jln Tembusu 1, Taman Rinting, 81750 Masai, Johor Darul Ta'zim, Malaysia",1.4937333,103.8680932,google_places
ChIJ6QiHJvtLxTER2YxUHuuM6bE,ALSYIFAA FARMASI MERSING,"No 6, Jalan Sri Mersing 1, Pusat Perdagangan Sri Mersing, 86800 Mersing, Johor Darul Ta'zim, Malaysia",2.4391297,103.8332075,google_places
ChIJJ6ZlZu_TzzERYZ5SkgG-pAk,AMN Health Bandar Putra (Kedai Produk Kesihatan),"24, Jln Putra 1/5, Bandar Putra, 85000 Segamat District, Johor, Malaysia",2.4966506,102.8664551,google_places
ChIJH5qfmztt2jERxeOTiatM5xg,AZ Care Pharmacy - Permas Jaya,"12, Jalan Permas 10/7, Bandar Baru Permas Jaya, 81750 Masai, Johor Darul Ta'zim, Malaysia",1.4961502999999998,103.8147703,google_places
ChIJWdWc5x3P0TERJTpuuVHortE,AcePro Pharmacy (B.Gambir),"134, Jln Gambir 6, Bandar Baru, 84800 Bukit Gambir, Johor Darul Ta'zim, Malaysia",2.2123927,102.6522026,google_places
ChIJE7Ux1KFs2jER8ZT90ia7VBg,Aeon Wellness Permas,"G9 AEON Permas Jaya Shopping Centre, No 1, Jalan Permas Utara, Permas Jaya, 81750 Johor Bahru, Johor, Malaysia",1.4954988,103.8189325,google_places
ChIJsQfLUgBr2jERMmZJiC5ylLk,Al Qanaah Pharmacy Seri Alam,"22, Jalan Lembah 16, Bandar Baru Seri Alam, 81750 Masai, Johor Darul Ta'zim, Malaysia",1.5109311,103.8657364,google_places
ChIJR42JsaV32jERIHFZLfDboTU,Apotek,"Taman Muhibbah, 81400 Kulai, Johor, Malaysia",1.6218415,103.6236293,google_places
ChIJ2UtIUX152jERf2huf6TzqzQ,Axon Pharmacy Sdn Bhd,"1D, Jalan Raya, Taman Kulai Besar, 81000 Kulai, Johor Darul Ta'zim, Malaysia",1.6604928,103.6047683,google_places
ChIJCaSSF31t0DERaenYUslYI-g,Azie Da House,"Jalan Ciku, Kampung Masjid Lama, 86000 Kluang, Johor Darul Ta'zim, Malaysia",2.0387685,103.3209471,google_places
ChIJHW0FM1FB2jERCYltym6cO98,BM Pharmacy,"12A, Jln Belatuk 3, Taman Scientex, 81700 Pasir Gudang, Johor Darul Ta'zim, Malaysia",1.5007766,103.9154072,google_places
ChIJB-i3aj7TzzER3AfuMahF2Yo,Bahau Pharmacy Sdn Bhd,"37 & 38, Jalan Genuang, Bandar Seberang, 85000 Segamat, Johor Darul Ta'zim, Malaysia",2.5054593,102.8182822,google_places
ChIJw1hC8oFX0DERIJYWc_6SJ_4,Bijas Mediserve Pharmacy @ Jalan Sultanah,"118, Jalan Sultanah, Kampung Pegawai, 83000 Batu Pahat, Johor Darul Ta'zim, Malaysia",1.851218,102.9290013,google_places
ChIJb_xMOoxZ0DERFlrtB2hyGZg,Bijas Mediserve Pharmacy @ Taman Mutiara,"17, Jalan Susur Mutiara, Taman Susur Mutiara, 83300 Batu Pahat, Johor Darul Ta'zim, Malaysia",1.8600602,103.0050616,google_places
ChIJbwYdztFw2jERgsQ3gkowklE,Breeds Pharmacy Sdn Bhd,"32, Jalan Impian Senai Utama, Taman Impian Senai, 81400 Senai, Johor Darul Ta'zim, Malaysia",1.5955274,103.6458487,google_places
ChIJFQ_WP6650TERaRREorNH7BA,CITY CHEM PHARMACY SDN BHD,"NO.69,TINGKAT BAWAH, Jalan Pesta, Taman Tun Dr Ismail, 84000 Muar, Johor Darul Ta'zim, Malaysia",2.0493883000000004,102.5859286,google_places
ChIJVwOz1_NB2jERlKopnmEvYJE,CSM PHARMACY TAMAN SCIENTEX,"32A, Jln Belatuk 3, Taman Scientex, 81700 Pasir Gudang, Johor Darul Ta'zim, Malaysia",1.5002689,103.9155076,google_places
ChIJQcAZEpBg2jERS61p4Jph3QA,Caremart Pharmacy Sdn Bhd,"Jalan Niaga 2, Pusat Perdagangan Kota Tinggi, 81900 Kota Tinggi, Johor Darul Ta'zim, Malaysia",1.7293155999999998,103.9011321,google_places
ChIJLVGYNFB42jERtGy9rf14-gI,Charles & Kristin Masaya,"4648, Jalan Sri Putri 5/5, Taman Putri Kulai, 81000 Kulai, Johor Darul Ta'zim, Malaysia",1.6584930999999998,103.5811944,google_places
ChIJQWZAwnW30TERKXcKyO0I1GU,Chem City Pharmacy (Bukit Bakri),"3, Jalan Sinar Bakri 1, Pusat Perniagaan Sinar Bakri, Taman Bakri Indah, 84200 Muar, Johor, Malaysia",2.0414642,102.6566828,google_places
ChIJA3uISvC50TERD9C_RoFTzlc,Chem City Pharmacy (Jalan Meriam),"47, Jalan Meriam, Pekan Muar, 84000 Muar, Johor Darul Ta'zim, Malaysia",2.0475151,102.5687889,google_places
ChIJwaOJnfWx0TERjMwEsjSh7H4,Chem City Pharmacy (Parit Jawa),"Plot 1 & 2, Lot 1479 GM33, Parit Jawa, 84150 Parit Jawa, Johor, Malaysia",1.9541187,102.6479224,google_places
ChIJBe_rPlm40TERNfaUdhgEM6Y,Chemcity Pharmacy Pusat Perniagaan Mas Jaya,"60, Jalan Perniagaan Jaya, Pusat Perniagaan Mas Jaya, 84000 Muar, Johor Darul Ta'zim, Malaysia",2.0685907,102.5796964,google_places
ChIJM8j4bf942jERf6gVRUHfPB8,DWP Pharma,"39A, Jalan Seruling 2, Taman Sri Kulai Baru 2, 81000 Kulai, Johor Darul Ta'zim, Malaysia",1.6678192,103.5863227,google_places
ChIJbTmuB85v0DEREZfm38hd7QA,Divine Pharmacy Sdn. Bhd,"NO 60 ,GROUND FLOOR, 86000 Kluang, Johor Darul Ta'zim, Malaysia",1.9955231,103.2956367,google_places
ChIJ__f2CCIzzjER1r2iav0R8f4,FARMASI BATU ANAM,"3, Jalan Muafakat, Taman Ksm, 85100 Batu Anam, Johor Darul Ta'zim, Malaysia",2.5649936,102.7226348,google_places
ChIJ-TSRZO3L0TERHUhFZrjGNH4,FARMASI BIRUNI Pagoh Jaya,"43, Jln Pagoh Jaya 1, Pusat Perniagaan Pagoh Jaya, 84600 Muar, Johor Darul Ta'zim, Malaysia",2.1309859,102.7152074,google_places
ChIJFQfYr-RZ0DERa3_azwc1_fM,FARMASI BIRUNI Taman Universiti Batu Pahat,"No. 12, Jalan Universiti 2, Bandar Universiti, 86400 Parit Raja, Johor Darul Ta'zim, Malaysia",1.8507182,103.0749339,google_places
ChIJmzeMz19v2jERKwHcdzVjhPc,FARMASI Careplus Pharmacy,"47, Jalan Ledang 25, Taman Bukit Tiram, 81800 Ulu Tiram, Johor Darul Ta'zim, Malaysia",1.6023892,103.8123864,google_places
ChIJo0MiDQBN2jERv12t3FOufr0,FARMASI IDAMAN DESARU,"No 120-B, lot Komersil, Taman Desaru Utama, Jalan Kempas 2, 81930 Bandar Penawar, Johor Darul Ta'zim, Malaysia",1.5737217,104.2061336,google_places
ChIJ_Raa6piB2jERsMSWHcR8E1Y,FARMASI NUR ATIQAH,"NO 12, Jln Indah 9, Taman Sayong Indah, 81440 Bandar Tenggara, Johor Darul Ta'zim, Malaysia",1.8489656,103.6261287,google_places
ChIJHX1rvHet0TERXHqcwA9YWKk,FARMASI PARIT YUSOF,"No. 12, Jalan Pekan Baru, 1, Pusat Perniagaan, Pekan Baru Parit Yusof, 83610 Semerah, Johor Darul Ta'zim, Malaysia",1.896517,102.7637848,google_places
ChIJZX-8QHZT0DERjQ8MZbp9qps,FARMASI SRI TANJUNG,"9, Jalan Sri Sulong, TAMAN SRI SULONG MEWAH, 83500, Johor Darul Ta'zim, Malaysia",1.934222,102.8524399,google_places
ChIJt5r-2OfTzzEROdGIw8PHias,FARMASI YAYASAN (JALAN PEMUDA),"122, Jalan Susur Pemuda 1, Kampung Tengah, 85000 Segamat, Johor Darul Ta'zim, Malaysia",2.5222764,102.8057338,google_places
ChIJsxJuyAZt2jERrR8zyKljf7k,FS FARMASI PLT,"Lot 6, 01, Jalan Dataran Larkin 6, TAMAN DATARAN LARKIN, 80350 Johor Bahru, Johor Darul Ta'zim, Malaysia",1.4990834,103.7413245,google_places
ChIJNQK20jFh2jERfeF63IuXNAw,Farmasi APM,"No 38-01, Persiaran Bayu Damai 2/2, Taman Bayu Damai, 81620 Pengerang, Johor Darul Ta'zim, Malaysia",1.3873967,104.2713856,google_places
ChIJMxRpVGVN2jERNB4lT-7tPdc,Farmasi Al-Arif Bandar Penawar,"97, Jln Jelutong 1, Taman Desaru Utama, 81930 Bandar Penawar, Johor, Malaysia",1.5733952,104.2150855,google_places
ChIJ18yXDfmB2jERWjDy4jWPPE4,Farmasi Al-Arif Bandar Tenggara,"No. 68, Jalan Anggerik 3/1, Taman Anggerik Tenggara, 81440 Bandar Tenggara, Johor Darul Ta'zim, Malaysia",1.8437724,103.6213582,google_places
ChIJcweSe_Vh2jERRIkHcyW_aKg,Farmasi Al-Arif Kota Tinggi,"30, Jln Langsat 3, Taman Kota Jaya, 81900 Kota Tinggi, Johor Darul Ta'zim, Malaysia",1.735285,103.8899951,google_places
ChIJ0bJR4ANR0DERKBh6XVC9XqE,Farmasi BP 金宝药剂所,"66, Jalan Penjaja, Pusat Komersial Bentara, 83000 Batu Pahat, Johor Darul Ta'zim, Malaysia",1.8583785,102.9298074,google_places
ChIJpc_Mys5W0DERUn31QIUdtCE,Farmasi Baitar Batu Pahat,"146, Jalan Rugayah, Kampung Pegawai, 83000 Batu Pahat, Johor Darul Ta'zim, Malaysia",1.8554632,102.9262003,google_places
ChIJM9pjAqlv0DERrZhdhhRbdGg,Farmasi Baitar Seri Impian [OLIVE HOUSE MALAYSIA @ KLUANG],"24, Jln Seri Impian 1/1, Taman Seri Impian, 86000 Kluang, Johor Darul Ta'zim, Malaysia",2.0044914,103.3566047,google_places
ChIJabFyE8VW0DERGIdAscVd1HM,Farmasi Bajrai,"No. 48-6, Jalan Sultanah, Kampung Pegawai, 83000 Batu Pahat, Johor Darul Ta'zim, Malaysia",1.8513927,102.9280148,google_places
ChIJAQAAQFgtzjERh0v-oWfjXw0,Farmasi Barakah,"No. 30, Jalan Bistari 1/1, Taman Segamat Jaya, Taman Yayasan, Johor, Taman Yayasan, 85000 Buloh Kasap, Johor, Malaysia",2.5467111,102.7894539,google_places
ChIJXfM3D3bYzzERV7juS_8D_YM,Farmasi Berseri,"106A, Jln Segamat, Kampung Paya Merah, 85300 Labis, Johor Darul Ta'zim, Malaysia",2.3979292,103.0188158,google_places
ChIJcbCcpI4n0DERNwzDCQKISZA,Farmasi Bintang,"151, Jalan Segamat, Taman Labis, Labis, Taman Sri Bayu, 85300 Labis, Johor, Malaysia",2.4001591,103.0177142,google_places
ChIJTchERjk70DERtq1ajZwtiFU,Farmasi Chaah,"25, Jalan Yong Peng Taman Damai Jaya 2, Chaah, Taman Sri Chaah, 85400 Segamat, Johor Darul Ta'zim, Malaysia",2.243162,103.0398033,google_places
ChIJZ5mJXHrG0TERRwxPG1jk4aY,Farmasi D'Faamosaa,"84400 Sungai Mati, Johor, Malaysia",2.1635104,102.5855294,google_places
ChIJP1kWoFV42jERwHZ0dijH_ik,Farmasi Dunia Sihat Sdn Bhd,"32, Lorong Ismail, Taman Kulai, 81000 Kulai, Johor Darul Ta'zim, Malaysia",1.660594,103.603341,google_places
ChIJMVM9JqfTzzERZKaZsfcQajI,Farmasi Eco Cahaya Sdn Bhd,"55, Jalan Putra 2/23, Bandar Putra, 85000 Segamat, Johor Darul Ta'zim, Malaysia",2.4988725,102.8535586,google_places
ChIJiZ_dNW-C0DERfPfxFIS-lxU,Farmasi Eu,"10, Jalan Sawit, Taman Sawit Indah, 81000 Kulai, Johor Darul Ta'zim, Malaysia",1.6781182,103.5266604,google_places
ChIJMb9dd8AL2jERSwMfbGk9Jfg,Farmasi Friska Medini,"S-03-01, Pusat Komersil Visi Medini, 2, Persiaran Medini, 79250 Iskandar Puteri, Johor Darul Ta'zim, Malaysia",1.4171665999999998,103.6225162,google_places
ChIJIzKG3XCY0DERjPgGI6cWU3Q,Farmasi Gamma,"745, Tingkat Bawah, Wisma Koperasi, Jalan Taib,, Kampung Atap, 82000 Pontian, Johor Darul Ta'zim, Malaysia",1.4856512,103.3902023,google_places
ChIJfW-ACBrI0TERj6rbfTHm-ec,Farmasi Gemilang,"37, Jln Panchor, Taman Bintang Emas, 84300 Bukit Pasir, Johor Darul Ta'zim, Malaysia",2.0984391,102.637964,google_places
ChIJEeybd35r2jER__uup1sK3d4,Farmasi Idaman Pasir Gudang,"No 3, 1, Jalan Cendana 5, Taman Cendana, 81700 Pasir Gudang, Johor Darul Ta'zim, Malaysia",1.4882508,103.9093839,google_places
ChIJ32PEtxtE0DERvIfpncDPzz4,Farmasi Idaman Sdn Bhd,"190, Jalan Besar, Taman Sembrong Baru , Yong Peng, Taman Sembrong Baru, 83700 Yong Peng, Johor, Malaysia",2.0110828,103.0658615,google_places
ChIJVWm-DZy50TERjU24t4xdpbI,Farmasi Ihsan,"3, Jalan Seri Temenggong 26/1, Taman Sri Temenggong, 84000 Muar, Johor Darul Ta'zim, Malaysia",2.0304929,102.5810486,google_places
ChIJWRMFryYI0DERvHhuPlmuiVg,Farmasi Kahang,"No.2 Jalan Kahang, Jln Muhibbah, Taman Kahang, 86000 Kluang, Johor, Malaysia",2.2143545,103.5385149,google_places
ChIJB56eIZEn0DERTJLKi_QBjak,Farmasi Kita,"12, Jalan Tenang , Labis, Labis, 85300 Labis, Johor, Malaysia",2.3836592,103.0207536,google_places
ChIJPccXPaNt0DERPrBSicyxwRw,Farmasi Kluang Baru Sdn Bhd,"4, Jalan Ungku Mohd Salleh, Taman Kluang Baru, 86000 Kluang, Johor Darul Ta'zim, Malaysia",2.0406233,103.3319883,google_places
ChIJWRW3cARR0DERD5coeMmSgSk,Farmasi Love & Care,"Taman Bistari, 13, Jalan Bistari Utama, Tongkang Pechah, 83010 Batu Pahat, Johor Darul Ta'zim, Malaysia",1.9079476,102.9517788,google_places
ChIJ-ZqNQpgV2jERZUUV0vtwqwQ,Farmasi Medicasa,"L3-15, Kawasan Perindustrian Pasir Gudang, 81700 Pasir Gudang, Johor Darul Ta'zim, Malaysia",1.4663966,103.9021701,google_places
ChIJ-3j89R1A2jER4ZKMtmKN4Yw,Farmasi Medilink Pharmacy,"11, Jalan Perdagangan Damai, Taman Nusa Damai, 81700 Pasir Gudang, Johor Darul Ta'zim, Malaysia",1.4898764999999998,103.9140816,google_places
ChIJ62g-Q6bP0TER9ym0u8XTzYY,Farmasi Mesrapharma,"19 jln gambir 2,bandar baru bkt gambir bukit gambir, Bukit Gambir, 84800 Tangkak, Johor Darul Ta'zim, Malaysia",2.2114019,102.653871,google_places
ChIJl0aEfgN52jERXDQzybKp5UU,Farmasi Midas Kulai,"5830, Jalan Siantan 3, Bandar Indahpura, 81000 Kulai, Johor Darul Ta'zim, Malaysia",1.6522412,103.5956593,google_places
ChIJ2wRZYS5X0DER4BZH6lxFUng,Farmasi Murni @ Banang Jaya,"35, Jalan Gemilang, Taman Bukit Flora, 83000 Batu Pahat, Johor Darul Ta'zim, Malaysia",1.8122916,102.9563158,google_places
ChIJESKenr-B2jERyzHztzNP4Ck,Farmasi Murni @ Bandar Tenggara,"99-13, Jln Anggerik 4/1, Taman Anggerik Tenggara, 81440 Bandar Tenggara, Johor, Malaysia",1.8411622,103.6236467,google_places
ChIJXXLyZSlR0DERu0eZ5g-xvFk,Farmasi Murni @ Batu Pahat,"3 & 4, Jalan Kundang, Taman Bukit Pasir, 83000 Batu Pahat, Johor Darul Ta'zim, Malaysia",1.8663318,102.9395058,google_places
ChIJMf-dL4iN0DERJGl0gzPGV7g,Farmasi Murni @ Benut,"14G Jalan Mutiara 2 Pusat Perniagaan Benut Benut, 82200 Pontian, Johor Darul Ta'zim, Malaysia",1.6497235,103.259613,google_places
ChIJN5Q1dyZc0DERLeqlP_cHztQ,Farmasi Murni @ Parit Raja,"5, Jalan Kristal, Taman Kristal, 86400 Parit Raja, Johor Darul Ta'zim, Malaysia",1.8655369,103.1135593,google_places
ChIJa-VyR81N0DERmMP6Ps1DVRY,Farmasi Murni @ Parit Sulong,"20, Jalan Sulong, Kampung Baharu, 83500 Parit Sulong, Johor Darul Ta'zim, Malaysia",1.9754693,102.884921,google_places
ChIJRWp0fSdF0DERVXndgUib7DQ,Farmasi Murni @ Parit Yaani,"3, Jalan Perdagangan 1, Taman Perdagangan, 83710 Parit Yaani, Johor Darul Ta'zim, Malaysia",1.9547222,103.0271038,google_places
ChIJeR8v0lGt0TERXj7I_I4dbEo,Farmasi Murni @ Parit Yusof,"11, Jalan, Pekan Baru Parit Yusof, 83610 Muar, Johor Darul Ta'zim, Malaysia",1.8961334,102.7633271,google_places
ChIJ3QKbhDJj0DERoRwBPaMrrwE,Farmasi Murni @ Simpang Renggam,"15, Jalan Bintang Ria 1, Taman, Jalan Bintang Ria, Kampung Simpang Renggam, 86200 Simpang Renggam, Johor, Malaysia",1.829977,103.3085095,google_places
ChIJtREGA0FR0DERMoirODNhH0I,Farmasi Murni @ Taman Budaya,"11, Jalan Budaya, Taman Budaya, 83000 Batu Pahat, Johor Darul Ta'zim, Malaysia",1.8636533,102.9595793,google_places
ChIJQwhSlfRD0DERIGaX9XhPG_A,Farmasi Murni @ Yong Peng,"170, Jln Besar, Taman Sembrong Baru, 83700 Yong Peng, Johor Darul Ta'zim, Malaysia",2.0110419,103.0650103,google_places
ChIJ9WrZ7dPTzzERv7PNSgBO1QM,Farmasi Narisa,"No.3, Tingkat Bawah, Jalan Prima Pusat Perniagaan Prima, Kampung Abdullah, 85000 Segamat, Johor Darul Ta'zim, Malaysia",2.5057511,102.8236128,google_places
ChIJC123myB12jER48xh_prEWj0,Farmasi Nazara,"No.50, Jln Pulai Mutiara 4/9, Taman Pulai Mutiara, 81300 Johor Bahru, Johor Darul Ta'zim, Malaysia",1.5277941,103.5826045,google_places
ChIJJ9k6G1-40TERkZy_gzg86y8,Farmasi Plus Care,"19, Jln Salleh, Taman Sri Emas, 84000 Muar, Johor Darul Ta'zim, Malaysia",2.0518713,102.5718233,google_places
ChIJFUdyDu_TzzERwJ-fBj8FP_Q,Farmasi Segamat,"34, Jalan Genuang Perdana, Bandar Segamat Baru, 85000 Segamat, Johor Darul Ta'zim, Malaysia",2.4899868,102.8470473,google_places
ChIJ_xsxqbpV0DERsdjiUsPJu0w,Farmasi Seri (Spg Lima),"No 6, 6A, Jalan peserai Indah, Taman Peserai Indah, 83000, Johor Darul Ta'zim, Malaysia",1.8519329,102.8880346,google_places
ChIJd9VBgS9c0DER3fc_wTQeGt8,Farmasi Sharifah Nur,"No. 12, Jalan Susur Intan, Taman Intan, 86400 Parit Raja, Johor Darul Ta'zim, Malaysia",1.8667925,103.1160111,google_places
ChIJhVwL0v6s0TERurSSbXRtgUI,Farmasi Sihat (Haitam Health),"2, Pusat Perniagaan Parit Yusof, Pekan Parit Yusof, Pekan Baharu, 83610 Semerah, Johor Darul Ta'zim, Malaysia",1.8962981,102.7630945,google_places
ChIJKdtDNGbb0TERtaW_PJbWn-I,Farmasi Sihat (Pagoh),"No 14-2, Jalan Besar Pagoh, Pagoh, 84600 Muar, Johor Darul Ta'zim, Malaysia",2.1489992,102.7710779,google_places
ChIJMZUJucVW0DERbyTky_dRgoQ,Farmasi Sihat Senggarang,"58-1, Jalan Ismail, Kampung Bahru, 83200 Senggarang, Johor Darul Ta'zim, Malaysia",1.7488842,103.0518912,google_places
ChIJgxNLmBfz0DERnkmnZ_dehrU,Farmasi Sihat • HQ,"7 & 8, Jalan Muhibah, Rengit, 83100 Rengit, Johor Darul Ta'zim, Malaysia",1.6806067,103.1487629,google_places
ChIJd1rzp7dt0DERVJ-2icjZHK8,Farmasi Sinar Sdn Bhd,"12-A, Persiaran Yayasan , Kluang, Kampung Masjid Lama, 86000 Kluang, Johor, Malaysia",2.0332892,103.3223111,google_places
ChIJy9GZP71t0DEReECgDr0Cx1A,Farmasi Sri Ledang (KB) Sdn Bhd,"589, Jalan Mersing, Kluang Baru, 86000 Kluang, Johor Darul Ta'zim, Malaysia",2.0384089,103.3341066,google_places
ChIJUX2zsihs0DERrfNlsShzVxU,Farmasi Sri Ledang (TI) Sdn Bhd,"12, Jalan Intan 2/2, Taman Intan, 86000 Kluang, Johor Darul Ta'zim, Malaysia",2.0185729,103.3029507,google_places
ChIJF4lBO7Ft0DERPRoo2SkZ0uo,"Farmasi Sri Ledang Sdn. Bhd. - Jalan Sentol Satu, Kluang","G6-G8, Jalan Sentol Satu, Kampung Masjid Lama, 86000 Kluang, Johor Darul Ta'zim, Malaysia",2.0358578,103.319847,google_places
ChIJ2zlkxn9t0DERTSy_gob0VFM,Farmasi Sri Tengah Kluang - (Farmasi Jiran Anda),"No 17, Jalan Kampung Baru, Taman Sri Tengah, 86000 Kluang, Johor Darul Ta'zim, Malaysia",2.0541687,103.3516861,google_places
ChIJZ11ewMEz2jERACcdnBJvitA,Farmasi Starmed Sdn Bhd,"Kampung Sungai Rengit, 81600 Pengerang, Johor Darul Ta'zim, Malaysia",1.3507457,104.2208961,google_places
ChIJY_LU4ZtLxTERr6Gf_uqFs48,Farmasi Sutera,"23-B, Jalan Sulaiman, Mersing Kechil, 86800 Mersing, Johor Darul Ta'zim, Malaysia",2.4311791,103.8367155,google_places
ChIJEeZsJF3b0TERiBjije_60CU,Farmasi Syukur,"No. 22, Jalan Solok, Kampung Padang Lalang, 84900 Tangkak, Johor Darul Ta'zim, Malaysia",2.2647978,102.540259,google_places
ChIJpexxjWfb0TERdlk2LTHs7Mc,Farmasi Tangkak (Tangkak Pharmacy S/B),"7JM, Jalan Manja, Kampung Padang Lalang, 84900 Tangkak, Johor Darul Ta'zim, Malaysia",2.2665767,102.5415148,google_places
ChIJqf616w-50TERt3XGEqJ4X1c,Farmasi Tanjung,"7, Jalan Sulaiman, Pekan Muar, 84000 Muar, Johor Darul Ta'zim, Malaysia",2.0461452,102.5645969,google_places
ChIJs_TWvnUpzjEROCZH7r__2NI,Farmasi UCare Segamat | Jementah | Segamat | Johor | Panadol | Hurix | Polident | Ubat-ubatan,"80, Jalan Muar Jementah, Kampung Bahru, 85200 Segamat, Johor Darul Ta'zim, Malaysia",2.4359279,102.6835519,google_places
ChIJ1yXtAyRc0DER6XEaUqcx10g,Farmasialpro,"86400 Parit Raja, Johor, Malaysia",1.864848,103.1114287,google_places
ChIJSVPheKht0DERs5PO88CFb-0,First Care Pharmacy,"2A, Jln Indah 1/4, Taman Kluang Indah86000 Kluang, Johor, Malaysia",2.0136469,103.3310676,google_places
ChIJA6zVKQAX0DERN1IKc_nDwXY,First Care Pharmacy (Paloh),"16, Jln 18, Taman Kota, 86000 Paloh, Johor Darul Ta'zim, Malaysia",2.1921187,103.2006687,google_places
ChIJ0aivQ65x0DER2VbGk-E7SmM,Free Pharmacy,"15, Jalan Seri Impian 8/1A, Bandar Seri Impian, 86000 Kluang, Johor Darul Ta'zim, Malaysia",1.9877212,103.3652868,google_places
ChIJ5Yo0vhh52jER42OIHtzpJF8,G PHARMACY,"13024, Jalan Rajawali 1, Bandar Putra Kulai, 81000 Kulai, Johor Darul Ta'zim, Malaysia",1.6706189000000002,103.634813,google_places
ChIJg58CR6Bx2jERheWuAVzEJLI,Gaya Pharmacy,"75, Jln Bukit Impian 1, Taman Impian Emas, 81300 Johor Bahru, Johor Darul Ta'zim, Malaysia",1.5535133,103.6749457,google_places
ChIJ93xqOABv2jERDoWUB0gNXnw,Good Day Pharmacy Austin Crest,"48, Jalan Jaya Putra 7/1, Taman JP Perdana, 81100, Johor Darul Ta'zim, Malaysia",1.5787331999999998,103.7671837,google_places
ChIJRxMPUCTTzzER4NaBON0Q0nA,Green Pharma,"15, Jalan Utama 2/1, Taman Utama, 85000 Segamat, Johor Darul Ta'zim, Malaysia",2.508354,102.8206782,google_places
ChIJnfThythu2jERr3Dpue7j8XI,HEALTH CARE PHARMACY,"NO.27, Jalan Beladau 5, Taman Puteri Wangsa, 81800 Ulu Tiram, Johor Darul Ta'zim, Malaysia",1.5886289,103.80435,google_places
ChIJpTg9Zkq40TERuSnz4huG4as,HKS Pharmacy,"9, Jalan Indah, Taman Pertama Indah, 84000, Muar, Johor, Taman Indah, 84000 Muar, Johor, Malaysia",2.0603891,102.5976812,google_places
ChIJpxwLTMVt2jERJ2Sxi-DstsM,Health Lane Family Pharmacy ADDA HEIGHT,"57 GF, Jln Adda 3/1, Adda Heights, 81100 Johor Bahru, Johor Darul Ta'zim, Malaysia",1.5480897999999998,103.745371,google_places
ChIJuZdmvd5v2jERJtSXA3ZtQRI,Health Lane Family Pharmacy Austin Crest,"No 21 (Ground Floor, Jalan Jaya Putra 7/6, Bandar Jaya Putra, 81100 Johor Bahru, Johor Darul Ta'zim, Malaysia",1.5792315,103.7688848,google_places
ChIJpT1o3_Bx2jERr5epaghf88U,Health Lane Family Pharmacy Bandar Senai,"23, Jalan Seni, Kampung Baru Senai, 81400 Senai, Johor Darul Ta'zim, Malaysia",1.6028409,103.6445689,google_places
ChIJZasWzipR0DER4kr0dD43CZE,Health Lane Family Pharmacy Batu Pahat,"Lot 42 & 44, Jalan Setia Jaya Utama, Taman Setia Jaya, 83000 Batu Pahat, Johor Darul Ta'zim, Malaysia",1.869588,102.9451525,google_places
ChIJ4QLRUCfP0TERcL0XvY8VZ4k,Health Lane Family Pharmacy Bukit Gambir Tangkak,"13, Jalan Gambir 5A, Bandar Baru Bukit Gambir Bukit Gambir, Kampung Parit Rabu, 84800 Tangkak, Johor Darul Ta'zim, Malaysia",2.2129453,102.6512194,google_places
ChIJF8v1P9EN2jERvWcPcZO0D3g,Health Lane Family Pharmacy Danga,"G-84 & 85, No. 01-01, Shopping Mall Ground Floor Bay Point, Persiaran Danga Perdana, 80200 Johor Bahru, Johor Darul Ta'zim, Malaysia",1.4641655000000002,103.7286344,google_places
ChIJv20bMwAL2jERO2E1fiiN0ds,Health Lane Family Pharmacy Eco Botanic,"9, Jalan Eko Botani 3/5, Taman Eko Botani, 79100 Iskandar Puteri, Johor Darul Ta'zim, Malaysia",1.4403825,103.6177426,google_places
ChIJFy0jN20N2jEREkz7Pu1aGAM,Health Lane Family Pharmacy Horizon Hills,"No. 22 GF, Jalan Hijauan 4, Horizon Hills, 79100 Iskandar Puteri, Johor Darul Ta'zim, Malaysia",1.4584644999999998,103.6448523,google_places
ChIJz2wfFH250TERRLI8ln6sSII,Health Lane Family Pharmacy Jalan Pesta Muar,"7, Jalan Pesta 1/1, 1, Jalan Bakri, Taman Tun Dr Ismail, 84000 Muar, Johor Darul Ta'zim, Malaysia",2.0485013,102.5853319,google_places
ChIJ6eaYmrgpzjERn0Wdux-jH-o,Health Lane Family Pharmacy Jementah,"No 2 GF, 1, Jln Pelangi, Taman Pelangi, 85200 Jementah, Johor Darul Ta'zim, Malaysia",2.4294241,102.6782678,google_places
ChIJlW96t3dz2jERL9RdsiqqKIU,Health Lane Family Pharmacy KIPmall Tampoi,"Lot No. Ns001, Kipmall Tampoi, Jalan Titiwangsa 1, Taman Tampoi Indah, 81200 Johor Bahru, Johor Darul Ta'zim, Malaysia",1.5088312,103.6875743,google_places
ChIJT5ItGE3ZzzERxqWaHEIMXJM,Health Lane Family Pharmacy Labis,"No. 132A, Ground Floor, Jln Segamat, Taman Bintang Jaya, 85300 Labis, Johor Darul Ta'zim, Malaysia",2.3995127,103.0183728,google_places
ChIJ46jR0ZFt2jERlbjigA2wvBs,Health Lane Family Pharmacy Larkin Junction Mall,"Unit No. 1-12 & 1-13, Level 1, Larkin Junction, Jalan Larkin Perdana 2, Taman Larkin Perdana, 80350 Johor Bahru, Johor Darul Ta'zim, Malaysia",1.4994153,103.7455501,google_places
ChIJS_xsdiuf0DER32hF4qEO4T0,Health Lane Family Pharmacy Pekan Nanas,"Pusat Perdagangan, 3 GF, Jalan Permata 2, Pekan Nenas, 81500 Johor, Johor Darul Ta'zim, Malaysia",1.5087165,103.5099494,google_places
ChIJqQWo3XJt2jER_nXJe3P6T1g,Health Lane Family Pharmacy Permas,"No 7&9 Ground Floor, Jalan Permas Jaya 10/1, Bandar Baru Permas Jaya, 81750 Masai, Johor Darul Ta'zim, Malaysia",1.4986704,103.8160836,google_places
ChIJh9i1yrHTzzERtnzPEd8h93Y,Health Lane Family Pharmacy Segamat,"33, Jalan Kekwa Segamat, Kampung Abdullah, 85000 Johor, Malaysia",2.5034582,102.8231771,google_places
ChIJyZHNeaK50TER43POhlPtewU,Health Lane Family Pharmacy Sungai Abong,"Jaya 220, Jalan Marin 6, Jalan Sungai Abong, Taman Sungai Abong, 84000 Muar, Johor Darul Ta'zim, Malaysia",2.0659019,102.5927986,google_places
ChIJu0vrIp5v2jERIE9sLbr3s8o,Health Lane Family Pharmacy Taman Gaya,"No. 2 Ground Floor, Jalan Gaya 2, Taman Gaya Ulu Tiram, Taman Gaya, 81800 Johor Bahru, Johor Darul Ta'zim, Malaysia",1.5620684,103.8005402,google_places
ChIJbdnoX0hz2jEReacV58RQrSE,Health Lane Family Pharmacy Taman Impian Emas,"No. 31, Ground Floor, Jalan Impian Emas 3, Taman Impian Emas, 81300 Johor Bahru, Johor Darul Ta'zim, Malaysia",1.5409081999999998,103.6833939,google_places
ChIJJ6QRLrFz2jERyNxCqRy8Qt0,Health Lane Family Pharmacy Taman Nusa Bestari,"No. 107 GF, Jalan NB2 2/2, Taman Nusa Bestari 2, 81300 Iskandar Puteri, Johor Darul Ta'zim, Malaysia",1.4936016,103.6564782,google_places
ChIJe3wJXI1t2jER7VJ_xbGKSQ4,Health Lane Family Pharmacy Taman Pelangi,"No.78 GF, Jalan Pingai, Taman Pelangi, 80400 Johor Bahru, Johor Darul Ta'zim, Malaysia",1.4825923,103.7751387,google_places
ChIJkU2VARVv2jERQfBlsLn4Rd4,Health Lane Family Pharmacy Taman Puteri Wangsa,"N 0, 54 GF, Jalan Beladau 17, Taman Puteri Wangsa, 81800 Ulu Tiram, Johor Darul Ta'zim, Malaysia",1.5897329,103.8048685,google_places
ChIJg5WrTCRp2jER-nOhzIjPgn8,Health Lane Family Pharmacy Taman Tiram Baru,"85 GF, Jalan Rambutan, Taman Tiram Baru, 81800 Ulu Tiram, Johor Darul Ta'zim, Malaysia",1.5986469,103.8219042,google_places
ChIJZ5lpHTh12jERpnohd2-2CDI,Health Lane Family Pharmacy Taman Universiti,"5GF, Jln Kebudayaan 4, Taman Universiti, 81300 Skudai, Johor Darul Ta'zim, Malaysia",1.5423836,103.6305452,google_places
ChIJnxwLE3Lb0TERh-wT5q1ZqXU,Health Lane Family Pharmacy Tangkak,"154, Jalan Payamas, Kampung Padang Lalang, 84900 Tangkak, Johor Darul Ta'zim, Malaysia",2.268113,102.54022,google_places
ChIJE32FheZF0DERf-Xu6qviMWA,Health Lane Family Pharmacy Yong Peng,"22, Jalan Kota, Taman Kota, 83700 Yong Peng, Johor Darul Ta'zim, Malaysia",2.0140144,103.070633,google_places
ChIJJ4cg4Q250TERQQX4pcubt0o,Health Lane Family Pharmacy • Jalan Ali Muar,"68, Jalan Ali, Pekan Muar, 84000 Muar, Johor Darul Ta'zim, Malaysia",2.0452903,102.5670344,google_places
ChIJoR9E-PVv2jER6oeiY_eC6bc,Healthplus Pharmacy @austin crest,"68, Jln Jaya Putra 7/8, Bandar Jaya Putra, 81100 Johor Bahru, Johor Darul Ta'zim, Malaysia",1.5792331,103.771629,google_places
ChIJOeqY-aBt0DERAczWVVyc4nk,Heart Land Pharmacy,"No.36, Jalan Kluang Perdana 23, Taman Kluang Perdana, 86000 Kluang, Johor Darul Ta'zim, Malaysia",2.0043496,103.2902627,google_places
ChIJE_r5sKUpzjER9cckkeqv0K4,Hopewell Pharmacy,"12, Jln Ayu 1, Taman Molek, 85200 Jementah, Johor Darul Ta'zim, Malaysia",2.4325016,102.6812448,google_places
ChIJ3dab5Rdy2jERDzEZPrabr0E,Hovid Pharmacy Johor Bahru,"Jln Kempas Utama 3/7, 81200 Johor Bahru, Johor Darul Ta'zim, Malaysia",1.5427148,103.7064065,google_places
ChIJ9Yg_SFNx2jERtIwqx49knuQ,IJ PHARMACY,"No. 25, Jalan Seni, Kampung Baru Senai, 81400 Senai, Johor Darul Ta'zim, Malaysia",1.6028368,103.6444837,google_places
ChIJw4i45kx42jERExyPCAWoFaU,IJ Pharmacy,"20, Jalan Gangsa 1, Taman Gunung Pulai, 81000 Kulai, Johor Darul Ta'zim, Malaysia",1.6547444,103.5882805,google_places
ChIJY_DL3_dh2jERvaleEjsRAQ8,IJ Pharmacy @ Econsave Taman Daiman Jaya,"DJ 14&15, LOT 37087, Taman Daiman Jaya, 81900 Kota Tinggi, Johor Darul Ta'zim, Malaysia",1.7181916,103.895129,google_places
ChIJ53pntUBr2jERD12vYtXyfAs,IJ Pharmacy Cahaya Kota Puteri,"23G, Jln Kota 1, Cahaya Kota Puteri, 81750 Masai, Johor Darul Ta'zim, Malaysia",1.4908871,103.8433956,google_places
ChIJV6dpL0YL2jERPX2nViF8w1c,InterAid Pharmacy,"51, Jln Sentral 2, Taman Nusa Sentral, 79100 Iskandar Puteri, Johor Darul Ta'zim, Malaysia",1.4682837,103.6168787,google_places
ChIJp991YJQL2jERqFEyZqdlWxM,KARDIA PHARMACY (Previously known as Amber Pharmacy),"Lot 33, Anjung Neighbourhood Centre, 5, Persiaran Ledang Heights, East Ledang, 79250 Iskandar Puteri, Johor Darul Ta'zim, Malaysia",1.4241568,103.6174336,google_places
ChIJ970oKM9r2jERQCa8vHbgZnQ,KPJ Pasir Gudang Pharmacy,"LOT 204781, Jalan, Persiaran Dahlia 2, Taman Bukit Dahlia, 81700 Pasir Gudang, Johor Darul Ta'zim, Malaysia",1.4767328,103.895909,google_places
ChIJdRSVdx1A2jERVGgZFxLYAJg,Kedai Ubat & Barang-Barang Yong Hoe,"42, Jalan Perdagangan Damai, Taman Nusa Damai, 81700 Pasir Gudang, Johor Darul Ta'zim, Malaysia",1.4878253,103.9154282,google_places
ChIJIbSnJw3a0TER-3AyvZdQxAY,Kedai Ubat & Perniagaan E Hong,"3, Jalan Raya, Sagil, 84900 Tangkak, Johor, Malaysia, Sagil, 84800 Ledang, Johor, Malaysia",2.3053944,102.612933,google_places
ChIJrc3Qs9hu2jER8xZmhugkykQ,Kedai Ubat & Perniagaan Fu Zheng,"10, Jalan Beladau 17, Taman Puteri Wangsa, 81800 Ulu Tiram, Johor Darul Ta'zim, Malaysia",1.5906842,103.8058602,google_places
ChIJ-XlR-39r2jEReX0FZwU6bHI,Kedai Ubat & Perniagaan Jin Li Seng,"12, Jalan Permas 2/15, Bandar Baru Permas Jaya, 81750 Masai, Johor Darul Ta'zim, Malaysia",1.513849,103.821162,google_places
ChIJ_QV1ULif0DERu8BKkQeHC7k,Kedai Ubat & Perniagaan Yong Kang,"133, Jln Utama 4, Taman Utama, 81500 Pekan Nanas, Johor Darul Ta'zim, Malaysia",1.5057557,103.5174805,google_places
ChIJx5Bbdc9u2jERAq9adjKKhC0,Kedai Ubat & Perniagaan Yong Thye Heng (M) Sdn Bhd,"63, Jalan Badik 16, Taman Puteri Wangsa, 81800 Ulu Tiram, Johor Darul Ta'zim, Malaysia",1.5785289,103.810763,google_places
ChIJPTWelYfb0TERqSCJ_Htx9Lo,Kedai Ubat Aik Onn Tong,"111, Jalan Payamas, 84900 Tangkak, Johor Darul Ta'zim, Malaysia",2.2683857,102.5400004,google_places
ChIJF6op0vJd0DERSoJCCSBNsp4,Kedai Ubat Ban Dong 万隆中西药行,"4, Jalan Susur Intan, Taman Intan, 86400 Parit Raja, Johor Darul Ta'zim, Malaysia",1.8670475,103.1167638,google_places
ChIJt3IObO5q2jER17p1VWvi61A,Kedai Ubat Cheng Tai Hong,"26, Jalan Tasek 59, Bandar Seri Alam, 81750 Masai, Johor Darul Ta'zim, Malaysia",1.5032536,103.8843722,google_places
ChIJv464kap52jERnIHZol0XMmg,Kedai Ubat Chung Fah,"17, Jalan Susur Kulai 4, Taman Sri Kulai Baru, 81000 Kulai, Johor Darul Ta'zim, Malaysia",1.6662047999999998,103.5917343,google_places
ChIJFTxro_Rn0DERQcuFiz8tSPg,Kedai Ubat Dan Arak Chop Yan Woh Tong Medical Hall,"Taman Ayer Hitam, 86100 Ayer Hitam, Johor, Malaysia",1.9177366,103.1791867,google_places
ChIJsf8tzzO50TERlXuud-RGd70,Kedai Ubat Dan Perniagaan Aik Ann 益安,"Jln Temiang 1, Taman Sri Temiang, 84000 Muar, Johor Darul Ta'zim, Malaysia",2.0779339,102.5903557,google_places
ChIJDQBydpV22jERzjaJeNfswOU,Kedai Ubat Dan Perniagaan Chin Tat,"Taman Teratai, 81110 Johor Bahru, Johor, Malaysia",1.5701429999999998,103.6120616,google_places
ChIJ8Sfvj2t02jERX-9qC7DrTkY,Kedai Ubat Dan Runcit Heng Long,"29 & 31, Jalan Penyiaran 1, Taman Universiti, 81300 Skudai, Johor Darul Ta'zim, Malaysia",1.5315048999999998,103.618347,google_places
ChIJWdU7EGx02jERFGnjxo6SIyc,Kedai Ubat Dan Serbanika Soon Teck,"8,10&12, Jalan Kemuliaan 2, Taman Universiti, 81300 Johor Bahru, Johor Darul Ta'zim, Malaysia",1.530659,103.6194869,google_places
ChIJM51gLRxX0DERyHdzja2UT6I,Kedai Ubat Eng Soon Heng,"17, Jalan Susur Bukit Mutiara, Taman Bukit Mutiara, 83000 Batu Pahat, Johor Darul Ta'zim, Malaysia",1.8370801,102.9465051,google_places
ChIJaQ-KK8lt0DERBjlEVaAqPCw,Kedai Ubat Heng Huat 兴发药行酒庄中医诊疗所 居銮药材店 Kluang Tradisional pharmacy/Acupuncture针灸,"121, Jalan Lambak, Kampung Masjid Lama, 86000 Kluang, Johor Darul Ta'zim, Malaysia",2.0251073,103.32156,google_places
ChIJ9f8IN7Zt0DERDa5aF9ZWDZo,Kedai Ubat Hock Heng,"24B (Bawah, Jalan Manggis, Kampung Masjid Lama, 86000 Kluang, Johor Darul Ta'zim, Malaysia",2.0375106,103.3199995,google_places
ChIJWXFvN7Jt0DER3PU-ts-XSJk,Kedai Ubat Hock Heng,"6, Jalan Omar, Kampung Masjid Lama, 86000 Kluang, Johor Darul Ta'zim, Malaysia",2.0377932,103.3170186,google_places
ChIJ2bNrFwx02jERX73dH_HXW6k,Kedai Ubat Hong Seng,"6, Jalan Kebudayaan 16, Taman Universiti, 81300 Skudai, Johor Darul Ta'zim, Malaysia",1.538619,103.629295,google_places
ChIJVaozg2zb0TERgu94dvw7oas,Kedai Ubat Kian Min,"Taman Tangkak Jaya, 84900 Tangkak, Johor, Malaysia",2.2717427,102.5505871,google_places
ChIJdUeJ5lrP0TERVhbuby0eOJs,Kedai Ubat Pin Ann Tong,"Johor, Bukit Gambir 邮政编码:, Bukit Gambir, 84700 Bukit Gambir, Johor Darul Ta'zim, Malaysia",2.2143326,102.6522968,google_places
ChIJoypLuEx42jERy8PuVi-IAuU,Kedai Ubat Ren Ann,"Jalan Gangsa 1, Taman Gunung Pulai, 81000 Kulai, Johor Darul Ta'zim, Malaysia",1.6538543,103.5890846,google_places
ChIJ5c5DUrCf0DERd13UB3-gbdM,Kedai Ubat Ta Ann,"Jalan Sawah, Pekan Nenas, 81500 Pekan Nanas, Johor Darul Ta'zim, Malaysia",1.5088393,103.5111,google_places
ChIJAZVrWQh70DERXxNQMb53lA0,Kedai Ubat Tai Ann Tong,"2, Jln Baru, Rengam, 86300 Renggam, Johor Darul Ta'zim, Malaysia",1.8849186,103.4022714,google_places
ChIJ2TZHa_uN0DERuu9MrtFrhe4,Kedai Ubat Thye Ho Thong 太和堂中西药行,"9, Jalan Jaafar, Benut, 82200 Benut, Johor Darul Ta'zim, Malaysia",1.6394378,103.2591489,google_places
ChIJJ2Y7ZZLTzzERQQS5ir-zHRk,Kedai Ubat Tiong Yew,"Kampung Abdullah, 85000 Segamat District, Johor, Malaysia",2.5044517,102.82804910000002,google_places
ChIJ4aWaK4Sf0DERYroMkmj1u2g,Kedai Ubat Weng Foh Chan,"Lorong B-1, Pekan Nenas, 81500 Pekan Nanas, Johor Darul Ta'zim, Malaysia",1.5086716,103.5108965,google_places
ChIJN6rDpk1t0DERbbWULch4HeM,Kedai Ubat Yie Hoe,"26, Jalan Intan 2/2, Taman Intan, 86000 Kluang, Johor Darul Ta'zim, Malaysia",2.0182041,103.3020554,google_places
ChIJvT12yDEz2jER7x-jdQVRC2c,Kedai Ubat Yong Jiang,"43, Jalan Pasar, Kampung Sungai Rengit, 81620 Pengerang, Johor Darul Ta'zim, Malaysia",1.350194,104.2229764,google_places
ChIJR6jouyp02jERdPRsvwOuPxU,Kedai Ubat Yue Thye,"43, Jalan Pulai Harmoni 1, Kangkar Pulai, 81100 Johor Bahru, Johor Darul Ta'zim, Malaysia",1.552813,103.590988,google_places
ChIJj62GrNJz2jERazo-91pUVe8,Kedai ubat dan perniagaan Ye Shen,"45, Jalan Seri Impian 1, Taman Impian Emas, 81300 Johor Bahru, Johor Darul Ta'zim, Malaysia",1.5438405,103.6825316,google_places
ChIJtUhrfYLTzzERrrpwknVKAvw,Kedat Ubat Heng Lin Choon,"Taman Bukit Baru, 85000 Bukit Siput, Johor, Malaysia",2.4832319,102.8520946,google_places
ChIJaxK1dGFO0DERsyMIap-pphg,Kinabalu Pharmacy (BP) Sdn Bhd Kampung Simpang Lima,"10, Jln Muar, Parit Sulong, 83500 Parit Sulong, Johor Darul Ta'zim, Malaysia",1.9773801,102.8816967,google_places
ChIJr7BZOxwL2jERVmkJu-lM_ps,LOVING PHARMACY GELANG PATAH,"No. 70-01 Ground Floor, Jalan Nusaria 11/4, Taman Nusantara, 81550 Gelang Patah, Johor Darul Ta'zim, Malaysia",1.4583088,103.5846274,google_places
ChIJ1XluVXhz2jERYLARdqO1C54,LOVING PHARMACY SETIA TROPIKA,"2G, Jalan Setia Tropika 1/1, TAMAN SETIA TROPIKA, 81200 Johor Bahru, Johor Darul Ta'zim, Malaysia",1.5449509,103.7110143,google_places
ChIJRUoKEadz2jERy-QgYc8MaNU,LOVING PHARMACY TAMAN SUTERA,"10, Jalan Sutera Tanjung 8/3, Taman Sutera Utama, 81300 Skudai, Johor Darul Ta'zim, Malaysia",1.5170329,103.6672239,google_places
ChIJ5WL-aJZX0DERtZl6sjUBHJA,Life Care Pharmacy,"97-3A, Jln Rahmat, Kampung Pegawai, 83000 Batu Pahat, Johor Darul Ta'zim, Malaysia",1.8497489,102.9288483,google_places
ChIJRzUPeylR0DER1NJkvZfPnd8,Life Care Pharmacy,"4&5, Jalan Kundang 3a, Taman Bukit Pasir, 83000 Batu Pahat, Johor Darul Ta'zim, Malaysia",1.8665131,102.9401591,google_places
ChIJ_6z-qLhF0DER9TSfSbPfJOA,Life Care Pharmacy (Yong Peng),"204, Jln Besar, Taman Sembrong Baru, 83700 Yong Peng, Johor Darul Ta'zim, Malaysia",2.0110312,103.0663229,google_places
ChIJI8-tSWVR0DEROvENK4pOFgM,Life Care Pharmacy Dgarden,"17, Jalan Desa Botani 2, Taman Desa Botani, 83000 Batu Pahat, Johor Darul Ta'zim, Malaysia",1.8682292,102.9330432,google_places
ChIJXRXHb-l52jERtoSw6R4T1FI,Life Pharmacy,"344, Jalan Kenanga 29/9, Bandar Indahpura, 81000 Kulai, Johor Darul Ta'zim, Malaysia",1.6425636,103.6168493,google_places
ChIJ5fZ3afNH0DERBRrG8K5z_oo,"Love Life Pharmacy (HQ), Yong Peng","11, Jln Komersial 1, Taman Komersial, 83700 Yong Peng, Johor Darul Ta'zim, Malaysia",2.0146978,103.0679175,google_places
ChIJ6wCEa_FF0DERz5CmV2Zs8kM,"Love Life Pharmacy, Yong Peng","23, Jln Meng Seng, Taman Selatan, 83700 Yong Peng, Johor Darul Ta'zim, Malaysia",2.0119729,103.0617599,google_places
ChIJyXJ3h4Bt0DERG-WwmNoQGL4,Loving Pharmacy Kluang,"1G, jalan ciku, Jln Haji Manan, Kampung Masjid Lama, 86000 Kluang, Johor Darul Ta'zim, Malaysia",2.0380444,103.3184541,google_places
ChIJqdE0Bpxs2jERAMXHk7c7VI0,Loving Pharmacy Permas,"73, Jalan Permas 10/1, Bandar Baru Permas Jaya, 81750 Masai, Johor Darul Ta'zim, Malaysia",1.50092,103.816013,google_places
ChIJZceqeUtR0DER5hnzybrBXi8,MEDIWELL PHARMACY TAMAN PUTERI JAYA,"4, Jalan Puteri Jaya 1, Taman Puteri Jaya, 83000 Batu Pahat, Johor Darul Ta'zim, Malaysia",1.8774793,102.95135,google_places
ChIJoTowvsVq2jER5i1suEPFwho,MH pharmacy (Moh Heng Pharmacy),"35, Jalan Pasar, Kampung Sepakat, 81750 Masai, Johor Darul Ta'zim, Malaysia",1.487066,103.8837329,google_places
ChIJ4RpQCyxv2jER3r_LUjM_sX4,MJ Pharmacare Taman Mount Austin (Pharmacy),"41, Jalan Austin Heights 3/1, Taman Mount Austin, 81100 Johor Bahru, Johor Darul Ta'zim, Malaysia",1.5575205,103.7801973,google_places
ChIJod9Vb3K50TERiS-ns_J_ZWw,Med Ville Pharmacy Sdn Bhd (Chem City Jln Abd Rahman),"16, Ground Floor, Jalan Perdana 15, Jln Abdul Rahman, Taman Junid Perdana, 84000 Muar, Johor, Malaysia",2.0332175,102.5656754,google_places
ChIJuS7KL15z2jER-oJQ__-CLuA,Medi-Home Pharmacy (Bestari) Sdn. Bhd.,"32G, Jalan Bestari 2/2, Taman Nusa Bestari, 81200 Johor Bahru, Johor Darul Ta'zim, Malaysia",1.4814653,103.6651539,google_places
ChIJC3IKpL1y2jER8Xp4jI1s7Vs,Medicare Pharmacy,"15, Jalan Jagung, Kampung Sepakat, 81750 Masai, Johor Darul Ta'zim, Malaysia",1.486115,103.882905,google_places
ChIJETfjhiJX0DER33xcF8b0hIs,Mediwell Pharmacy Sdn Bhd (Headquarter),"2-16, Jalan Susur Perdana Tengah, Taman Bukit Perdana 2, 83000 Batu Pahat, Johor Darul Ta'zim, Malaysia",1.8434067,102.9540315,google_places
ChIJAYRPd-5X0DERKdhxYCZAnpA,Mediwell Pharmacy Taman Soga,"15, Jalan Zamrud 1, Taman Dagang, 83000 Batu Pahat, Johor Darul Ta'zim, Malaysia",1.8389276,102.9308237,google_places
ChIJL10Dj1BR0DERctasmjZ0I9c,Mediwell Pharmacy Tongkang Pechah,"No40, Jalan Besar, Tongkang Pechah, 83010 Parit Yaani, Johor Darul Ta'zim, Malaysia",1.9173995,102.9535394,google_places
ChIJTwESux5t2jERSZrKdWEKxIo,Multicare Pharmacy Taman Pelangi,"62, Jalan Kuning, Taman Pelangi, 80400 Johor Bahru, Johor Darul Ta'zim, Malaysia",1.4839374,103.7750406,google_places
ChIJEXah05Jv2jER-zY1-A9ICvU,MyFamily Pharmacy,"40, Jln Perjiranan 4/1, Bandar Dato Onn, 81100 Johor Bahru, Johor Darul Ta'zim, Malaysia",1.5618865,103.7353623,google_places
ChIJm41l6Qh02jER9TbtYCoHTqw,Orange Pharmacy Sdn Bhd,"41, Jalan Kebudayaan 16, Taman Universiti, 81300 Skudai, Johor Darul Ta'zim, Malaysia",1.5399604,103.6311146,google_places
ChIJ5YZwkLRq2jER4Q9tIjfWfko,Pharmhouse Farmasi Pasir Gudang 安好药剂行 பார்மசி,"45, Jalan Sejambak 14, Taman Bukit Dahlia, 81700 Pasir Gudang, Johor Darul Ta'zim, Malaysia",1.4792859,103.893542,google_places
ChIJddb446XP0TERCp51desVHDE,Pharmony Pharmacy PLT,"219-3A, Jalan Raya, Happy Garden, Ledang,, Bukit Gambir, 84800 Bukit Gambir, Johor Darul Ta'zim, Malaysia",2.2131785,102.6547242,google_places
ChIJu9EIFMzL0TERFXEap-ado5M,Pharmony Pharmacy PLT (Pagoh Jaya),"Jalan Jaya 1/5A, 84600 Muar, Johor Darul Ta'zim, Malaysia",2.1339414,102.7163355,google_places
ChIJx4t-uF8V2jERi_BDy762H3I,Pt Bumi Sakti Pharma,"10, Jalan 9/12, Perjiranan 9 Taman Air Biru, 81700 Pasir Gudang, Johor Darul Ta'zim, Malaysia",1.4576246,103.9143324,google_places
ChIJB9ZDh_3z0DERyixl00M4BS4,RENGIT PHARMACY,"25, Jln Besar, Rengit, 83100 Rengit, Johor Darul Ta'zim, Malaysia",1.6797643999999998,103.148258,google_places
ChIJ2YlxQAB52jERqkt_d-5S_Ww,RX Wellness Pharmacy,"4945, Jalan Merbau 1, Bandar Putra Kulai, 81000 Kulai, Johor Darul Ta'zim, Malaysia",1.6511857,103.6220652,google_places
ChIJCV8lhHCY0DERBUzV-N30BlA,"Radiant Pharmacy Sdn Bhd, 667 Jalan Taib Pontian Johor","667, Jalan Taib, Kampung Atap, 82000 Pontian, Johor Darul Ta'zim, Malaysia",1.4854027,103.3908131,google_places
ChIJ658R-4Rg2jERRVsXFouckcw,Rancak Pharmacy Sdn Bhd (Kota Tinggi),"3, Jalan Maju 1, Taman Mawai Jaya, 81900 Kota Tinggi, Johor Darul Ta'zim, Malaysia",1.732743,103.90618,google_places
ChIJ_TrDr4V22jERpOqqZq8lNhs,RedCap Pharmacy,"Bandar Pulai Jaya, Skudai, Johor, Malaysia",1.5618193,103.597874,google_places
ChIJDWVi0mVR0DERAoNEdigREOc,Rengit Pharmacy - Sri Medan Branch,"13, Jalan Emas 10 Taman Emas, 2, Seri Medan, 83400, Johor Darul Ta'zim, Malaysia",1.9829085,102.9550155,google_places
ChIJw3ElLiRc0DERp2A0QNQ3jkY,Rite Aid Pharmacy PLT,"LC 133A, Jln Besar, Taman Jaya, 86400 Parit Raja, Johor, Malaysia",1.8655813,103.1147834,google_places
ChIJvyAvyatr2jERFyCoVeTJG0I,SK PHARMA FARMASI,"NO. 45, JALAN KOTA 3 TAMAN CAHAYA KOTA PUTERI MASAI, Kawasan Perindustrian Kota Puteri, 81750 Johor Bahru, Johor Darul Ta'zim, Malaysia",1.493362,103.8429145,google_places
ChIJgYpRvChs0DERk99Bhw3URWs,SV Prohealth Pharmacy Sdn Bhd,"22, Jalan Intan 2/2, Taman Intan, 86000 Kluang, Johor Darul Ta'zim, Malaysia",2.0183142,103.3023714,google_places
ChIJzaPy6oVR0DERKN1gE15INzI,SY PHARMACY TAMAN MEGAH,"9, Jalan Megah 1, Taman Megah, 83000 Batu Pahat, Johor Darul Ta'zim, Malaysia",1.8694403,102.9826034,google_places
ChIJNRpmTs1W0DERk-uFpZr7GFU,SY Pharmacy,"59-2, Jalan Balau, Taman Batu Pahat, 83000 Batu Pahat, Johor Darul Ta'zim, Malaysia",1.8611213,102.9312565,google_places
ChIJ3SGpn3pt2jERFieGkLh_3Qo,Seyon Pharmacy Adda Heights,"127, Jln Adda 3/1, Taman Adda Heights, 81100 Johor Bahru, Johor Darul Ta'zim, Malaysia",1.5468687,103.7478593,google_places
ChIJKaHZKL9z2jER7UwOO4fzXd4,Seyon Pharmacy Bandar Baru Uda,"No.24 (Ground & First Floor, Jln Padi Emas 1/2, UDA Business Centre, 81200 Johor Bahru, Johor Darul Ta'zim, Malaysia",1.4941357,103.7088215,google_places
ChIJvWPTb4xr2jERqqcWj7CaN5c,Seyon Pharmacy Masai,"22, Jalan Ara 1, Taman Rinting, 81750 Masai, Johor Darul Ta'zim, Malaysia",1.492956,103.8738754,google_places
ChIJE2dNAGJz2jERLdzK4kQfSIU,Seyon Pharmacy Tampoi Indah,"No.2 & 4, Jalan Titiwangsa 3, Taman Tampoi Indah, 81200 Johor Bahru, Johor Darul Ta'zim, Malaysia",1.5073073,103.6882752,google_places
ChIJmSTDT3Rz2jERTCEMexZMCnU,Smile Pharmacy,"shop, 14, Jalan Pendekar 17, Taman Ungku Tun Aminah, 81300 Skudai, Johor Darul Ta'zim, Malaysia",1.5130865999999998,103.6558315,google_places
ChIJtzJzx5t52jERD-dfq8qLbSw,Soul Well Pharmacy (Kulai),"No 26, Taman Khet Loong, 81000 Kulai, Johor Darul Ta'zim, Malaysia",1.6545811,103.5958638,google_places
ChIJozdB5U2f0DER_zqRK1s4vn4,Sri Tanjung Pharmacy,"PTD 5141, Jalan Utama 3, Taman Utama, 81500 Pekan Nanas, Johor Darul Ta'zim, Malaysia",1.5047910999999998,103.5179449,google_places
ChIJm0t4m3ZB2jERtc1572Jw4Gw,TAKZIM PHARMACY,"39, Jalan Jambu 1, Taman Kota Masai, 81700 Pasir Gudang, Johor Darul Ta'zim, Malaysia",1.4902512,103.9509305,google_places
ChIJgYingBly2jERkmJYBWyN-8E,The Family Pharmacy,"Livistonia Square, 7, Jalan Setia Tropika 1/15, Setia Tropika, 81200 Johor Bahru, Johor, Malaysia",1.5454883,103.7116908,google_places
ChIJe_VbsAkL2jERc-LXrcjcYZw,The Zyfas Pharma,"15, Jalan Mega 1/5, 81550 Gelang Patah, Johor Darul Ta'zim, Malaysia",1.4421739,103.6047957,google_places
ChIJO6qt-bif0DERVe8091J8HTQ,Thetacare Pharmacy,"92, Jalan Utama 3, Taman Utama, 81500 Pekan Nanas, Johor Darul Ta'zim, Malaysia",1.5044465,103.5183502,google_places
ChIJufTDKJ572jERUa2NkZGwPYM,U PHARMACY 优西药剂行,"Lot 162 & 163, TJ Mart, Batu 17 1/2, Jalan Air Hitam, Saleng, 81400 Kulai, Johor Darul Ta'zim, Malaysia",1.6311543,103.6308331,google_places
ChIJ1SqGg_QL2jERv-X6jNxDnJI,UCON Pharmacy,"No.109 (Ground floor), Jalan Suria, 2, Pusat Komersial Suria (68 Avenue, Taman Nusa Perintis, 81550 Gelang Patah, Johor Darul Ta'zim, Malaysia",1.4534589999999998,103.5989534,google_places
ChIJ8aVKIgAV2jERIl5dtTVw66M,Unity,"88 Punggol Way, #01-114/115 Punggol Coast Mall, Singapore 829913",1.4150588,103.9095423,google_places
ChIJR2vSQQAV2jERs03vcY5-ecg,Unity,"98 Punggol Way, #02-217 Punggol Coast Mall, Singapore 829857",1.4148443,103.9128797,google_places
ChIJjzOS3QYW2jERUJbcYyV8yKI,Unity,"681 Punggol Oasis Terrace, B1-01, Singapore 820681",1.3984457,103.9072046,google_places
ChIJM_3DwfgV2jERp0tEExMnasw,Unity Waterway Point,"83 Punggol Central, #B2 - 26, Singapore 828761",1.4066124,103.9021102,google_places
ChIJlfk9xUx42jERrwHNOJ1BV2w,V Pro Pharmacy Kulai,"156, Jln Berjasa 7, Taman Timur, 81000 Kulai, Johor Darul Ta'zim, Malaysia",1.6544183,103.5892407,google_places
ChIJlb9O83P30DERv2BFvMZRPfA,WELLMART PHARMACY (SENGGARANG),"187, Jalan Ismail, Kampung Bahru, 83200 Senggarang, Johor Darul Ta'zim, Malaysia",1.7491532,103.0497367,google_places
ChIJsXAFPz5h2jERXNsfsB1caJI,Wakaf Park & Take Farmasi,"Hospital, Bandar Kota Tinggi, 81900 Kota Tinggi, Johor Darul Ta'zim, Malaysia",1.7363347,103.8981663,google_places
ChIJ5z_sjW5v2jERzTKsOKsgBt4,Well Pharmacy Austin Crest,"47, Jalan Jaya Putra 7/6, Bandar Jaya Putra Johor Bahru, Taman JP Perdana, 81100 Johor, Johor Darul Ta'zim, Malaysia",1.5792647,103.7679969,google_places
ChIJZXiY7ftz2jER0M1c2t-XYRo,Well Pharmacy Bukit Indah,"36, Jalan Indah 8/15, Taman Bukit Indah, 79100 Iskandar Puteri, Johor Darul Ta'zim, Malaysia",1.4781088999999998,103.6502414,google_places
ChIJifpzYlwL2jERA2JFFXbbWUE,Well Pharmacy Eco Botanic,"36, Jalan Eko Botani 3/2, Taman Eko Botani, 79100 Iskandar Puteri, Johor Darul Ta'zim, Malaysia",1.4401884,103.6188709,google_places
ChIJ26xuwFsL2jERnjkVHpApm5I,Well Pharmacy Gelang Patah,"08-01, 6, Jln Nusaria 11, Taman Nusantara, 79200 Iskandar Puteri, Johor Darul Ta'zim, Malaysia",1.4595992,103.5842048,google_places
ChIJh3y1JOl52jER5fy1GEVSoHs,Well Pharmacy Indahpura,"Pusat Komersial Indah, 294A, Jln Kiambang 11, Bandar Indahpura, 81000 Kulai, Johor Darul Ta'zim, Malaysia",1.6422948,103.6037098,google_places
ChIJ7ZLiZnlz2jEROkQqFHTNM00,Well Pharmacy Mutiara Rini,"93, Jalan Utama 34 Taman Mutiara Rini Skudai, Mutiara Rini, 81300 Johor Bahru, Johor Darul Ta'zim, Malaysia",1.5228582,103.6356712,google_places
ChIJU5pNL8lZ0DER_l0rOO_JZ8k,Wellmart Pharmacy ( Pura Kencana ),"40, JALAN KENCANA 1A/1 Taman, Sri Gading, 83300 Sri Gading, Johor Darul Ta'zim, Malaysia",1.8540346,103.0244764,google_places
ChIJx76Mejpt2jERtqrZwR1z6H4,YOU PHARMACY @TAMAN ABAD (CENTURY GARDEN),"185, Jalan Harimau, Taman Abad, 80250 Johor Bahru, Johor Darul Ta'zim, Malaysia",1.4871093,103.7600462,google_places
ChIJZR6ZQupt0DERoek844LuXgs,Z2HERO PHARMACY,"72, JALAN UTAMA 4, BANDAR PRIMER, 86000 Kluang, Johor Darul Ta'zim, Malaysia",2.0200757,103.2888932,google_places
