cell_id,parent_mukim,district,state,population
G0000,Mukim Pulai,Johor Bahru,Johor,0
G0001,Mukim Pulai,Johor Bahru,Johor,0
G0002,Mukim Pulai,Johor Bahru,Johor,89
G0003,Mukim Pulai,Johor Bahru,Johor,80
G0004,Mukim Pulai,Johor Bahru,Johor,0
G0005,Mukim Pulai,Johor Bahru,Johor,0
G0006,Mukim Pulai,Johor Bahru,Johor,129
G0007,Mukim Pulai,Johor Bahru,Johor,10
G0008,Mukim Pulai,Johor Bahru,Johor,736
G0009,Mukim Pulai,Johor Bahru,Johor,418
G0010,Mukim Pulai,Johor Bahru,Johor,0
G0011,Mukim Pulai,Johor Bahru,Johor,716
G0012,Mukim Pulai,Johor Bahru,Johor,986
G0013,Mukim Pulai,Johor Bahru,Johor,240
G0014,Mukim Pulai,Johor Bahru,Johor,1631
G0015,Mukim Pulai,Johor Bahru,Johor,3927
G0016,Mukim Pulai,Johor Bahru,Johor,587
G0017,Mukim Pulai,Johor Bahru,Johor,0
G0018,Mukim Pulai,Johor Bahru,Johor,0
G0019,Mukim Pulai,Johor Bahru,Johor,666
G0020,Mukim Pulai,Johor Bahru,Johor,2277
G0021,Mukim Pulai,Johor Bahru,Johor,2526
G0022,Mukim Pulai,Johor Bahru,Johor,1104
G0023,Mukim Pulai,Johor Bahru,Johor,388
G0024,Mukim Pulai,Johor Bahru,Johor,994
G0025,Mukim Pulai,Johor Bahru,Johor,0
G0026,Mukim Pulai,Johor Bahru,Johor,0
G0027,Mukim Pulai,Johor Bahru,Johor,0
G0028,Mukim Pulai,Johor Bahru,Johor,318
G0029,Mukim Pulai,Johor Bahru,Johor,2138
G0030,Mukim Pulai,Johor Bahru,Johor,2466
G0031,Mukim Pulai,Johor Bahru,Johor,3500
G0032,Mukim Pulai,Johor Bahru,Johor,1859
G0033,Mukim Pulai,Johor Bahru,Johor,89
G0034,Mukim Pulai,Johor Bahru,Johor,0
G0035,Mukim Pulai,Johor Bahru,Johor,2307
G0036,Mukim Pulai,Johor Bahru,Johor,1044
G0037,Mukim Pulai,Johor Bahru,Johor,0
G0038,Mukim Pulai,Johor Bahru,Johor,0
G0039,Mukim Pulai,Johor Bahru,Johor,368
G0040,Mukim Pulai,Johor Bahru,Johor,825
G0041,Mukim Pulai,Johor Bahru,Johor,2098
G0042,Mukim Pulai,Johor Bahru,Johor,3937
G0043,Mukim Pulai,Johor Bahru,Johor,2118
G0044,Mukim Pulai,Johor Bahru,Johor,3033
G0045,Mukim Pulai,Johor Bahru,Johor,1462
G0046,Mukim Pulai,Johor Bahru,Johor,2138
G0047,Mukim Pulai,Johor Bahru,Johor,1084
G0048,Mukim Pulai,Johor Bahru,Johor,259
G0049,Mukim Plentong,Johor Bahru,Johor,0
G0050,Mukim Plentong,Johor Bahru,Johor,0
G0051,Mukim Plentong,Johor Bahru,Johor,0
G0052,Mukim Plentong,Johor Bahru,Johor,0
G0053,Mukim Plentong,Johor Bahru,Johor,0
G0054,Mukim Plentong,Johor Bahru,Johor,321
G0055,Mukim Plentong,Johor Bahru,Johor,0
G0056,Mukim Plentong,Johor Bahru,Johor,0
G0057,Mukim Pulai,Johor Bahru,Johor,0
G0058,Mukim Pulai,Johor Bahru,Johor,70
G0059,Mukim Pulai,Johor Bahru,Johor,964
G0060,Mukim Pulai,Johor Bahru,Johor,1780
G0061,Mukim Pulai,Johor Bahru,Johor,268
G0062,Mukim Pulai,Johor Bahru,Johor,1223
G0063,Mukim Pulai,Johor Bahru,Johor,517
G0064,Mukim Pulai,Johor Bahru,Johor,2675
G0065,Mukim Pulai,Johor Bahru,Johor,398
G0066,Mukim Pulai,Johor Bahru,Johor,338
G0067,Mukim Pulai,Johor Bahru,Johor,0
G0068,Mukim Plentong,Johor Bahru,Johor,22
G0069,Mukim Plentong,Johor Bahru,Johor,310
G0070,Mukim Plentong,Johor Bahru,Johor,1616
G0071,Mukim Plentong,Johor Bahru,Johor,2203
G0072,Mukim Plentong,Johor Bahru,Johor,731
G0073,Mukim Plentong,Johor Bahru,Johor,2059
G0074,Mukim Plentong,Johor Bahru,Johor,22
G0075,Mukim Plentong,Johor Bahru,Johor,22
G0076,Mukim Plentong,Johor Bahru,Johor,675
G0077,Mukim Plentong,Johor Bahru,Johor,0
G0078,Mukim Plentong,Johor Bahru,Johor,0
G0079,Mukim Pulai,Johor Bahru,Johor,25
G0080,Mukim Pulai,Johor Bahru,Johor,2960
G0081,Mukim Pulai,Johor Bahru,Johor,5697
G0082,Mukim Pulai,Johor Bahru,Johor,4872
G0083,Mukim Pulai,Johor Bahru,Johor,756
G0084,Mukim Pulai,Johor Bahru,Johor,328
G0085,Mukim Pulai,Johor Bahru,Johor,915
G0086,Mukim Pulai,Johor Bahru,Johor,1720
G0087,Mukim Pulai,Johor Bahru,Johor,20
G0088,Mukim Pulai,Johor Bahru,Johor,20
G0089,Mukim Pulai,Johor Bahru,Johor,50
G0090,Mukim Pulai,Johor Bahru,Johor,0
G0091,Mukim Pulai,Johor Bahru,Johor,0
G0092,Mukim Plentong,Johor Bahru,Johor,0
G0093,Mukim Plentong,Johor Bahru,Johor,2657
G0094,Mukim Plentong,Johor Bahru,Johor,4860
G0095,Mukim Plentong,Johor Bahru,Johor,5192
G0096,Mukim Plentong,Johor Bahru,Johor,4937
G0097,Mukim Plentong,Johor Bahru,Johor,4040
G0098,Mukim Plentong,Johor Bahru,Johor,5922
G0099,Mukim Plentong,Johor Bahru,Johor,1007
G0100,Mukim Plentong,Johor Bahru,Johor,487
G0101,Mukim Plentong,Johor Bahru,Johor,144
G0102,Mukim Plentong,Johor Bahru,Johor,0
G0103,Mukim Plentong,Johor Bahru,Johor,0
G0104,Mukim Pulai,Johor Bahru,Johor,212
G0105,Mukim Pulai,Johor Bahru,Johor,5732
G0106,Mukim Pulai,Johor Bahru,Johor,5260
G0107,Mukim Pulai,Johor Bahru,Johor,955
G0108,Mukim Pulai,Johor Bahru,Johor,2585
G0109,Mukim Pulai,Johor Bahru,Johor,3082
G0110,Mukim Pulai,Johor Bahru,Johor,5071
G0111,Mukim Pulai,Johor Bahru,Johor,3878
G0112,Mukim Pulai,Johor Bahru,Johor,616
G0113,Mukim Pulai,Johor Bahru,Johor,0
G0114,Mukim Pulai,Johor Bahru,Johor,0
G0115,Mukim Pulai,Johor Bahru,Johor,20
G0116,Mukim Pulai,Johor Bahru,Johor,835
G0117,Mukim Pulai,Johor Bahru,Johor,1332
G0118,Mukim Pulai,Johor Bahru,Johor,0
G0119,Mukim Plentong,Johor Bahru,Johor,0
G0120,Mukim Plentong,Johor Bahru,Johor,2269
G0121,Mukim Plentong,Johor Bahru,Johor,4527
G0122,Mukim Plentong,Johor Bahru,Johor,5679
G0123,Mukim Plentong,Johor Bahru,Johor,5491
G0124,Mukim Plentong,Johor Bahru,Johor,3598
G0125,Mukim Plentong,Johor Bahru,Johor,5734
G0126,Mukim Plentong,Johor Bahru,Johor,1583
G0127,Mukim Plentong,Johor Bahru,Johor,686
G0128,Mukim Plentong,Johor Bahru,Johor,33
G0129,Mukim Plentong,Johor Bahru,Johor,0
G0130,Mukim Plentong,Johor Bahru,Johor,0
G0131,Mukim Pulai,Johor Bahru,Johor,467
G0132,Mukim Pulai,Johor Bahru,Johor,1756
G0133,Mukim Pulai,Johor Bahru,Johor,80
G0134,Mukim Pulai,Johor Bahru,Johor,70
G0135,Mukim Pulai,Johor Bahru,Johor,2436
G0136,Mukim Pulai,Johor Bahru,Johor,1969
G0137,Mukim Pulai,Johor Bahru,Johor,4275
G0138,Mukim Pulai,Johor Bahru,Johor,1869
G0139,Mukim Pulai,Johor Bahru,Johor,40
G0140,Mukim Pulai,Johor Bahru,Johor,0
G0141,Mukim Pulai,Johor Bahru,Johor,0
G0142,Mukim Pulai,Johor Bahru,Johor,298
G0143,Mukim Pulai,Johor Bahru,Johor,955
G0144,Mukim Pulai,Johor Bahru,Johor,686
G0145,Mukim Pulai,Johor Bahru,Johor,0
G0146,Mukim Pulai,Johor Bahru,Johor,0
G0147,Mukim Plentong,Johor Bahru,Johor,0
G0148,Mukim Plentong,Johor Bahru,Johor,321
G0149,Mukim Plentong,Johor Bahru,Johor,3575
G0150,Mukim Plentong,Johor Bahru,Johor,4738
G0151,Mukim Plentong,Johor Bahru,Johor,3443
G0152,Mukim Plentong,Johor Bahru,Johor,1483
G0153,Mukim Plentong,Johor Bahru,Johor,4915
G0154,Mukim Plentong,Johor Bahru,Johor,5535
G0155,Mukim Plentong,Johor Bahru,Johor,2103
G0156,Mukim Plentong,Johor Bahru,Johor,874
G0157,Mukim Plentong,Johor Bahru,Johor,376
G0158,Mukim Plentong,Johor Bahru,Johor,0
G0159,Mukim Pulai,Johor Bahru,Johor,32
G0160,Mukim Pulai,Johor Bahru,Johor,795
G0161,Mukim Pulai,Johor Bahru,Johor,10
G0162,Mukim Pulai,Johor Bahru,Johor,2685
G0163,Mukim Pulai,Johor Bahru,Johor,4454
G0164,Mukim Pulai,Johor Bahru,Johor,2366
G0165,Mukim Pulai,Johor Bahru,Johor,4395
G0166,Mukim Pulai,Johor Bahru,Johor,5011
G0167,Mukim Pulai,Johor Bahru,Johor,2913
G0168,Mukim Pulai,Johor Bahru,Johor,2943
G0169,Mukim Pulai,Johor Bahru,Johor,1720
G0170,Mukim Pulai,Johor Bahru,Johor,2148
G0171,Mukim Pulai,Johor Bahru,Johor,3649
G0172,Mukim Pulai,Johor Bahru,Johor,1134
G0173,Mukim Pulai,Johor Bahru,Johor,20
G0174,Mukim Pulai,Johor Bahru,Johor,0
G0175,Mukim Plentong,Johor Bahru,Johor,11
G0176,Mukim Plentong,Johor Bahru,Johor,2922
G0177,Mukim Plentong,Johor Bahru,Johor,764
G0178,Mukim Plentong,Johor Bahru,Johor,66
G0179,Mukim Plentong,Johor Bahru,Johor,0
G0180,Mukim Plentong,Johor Bahru,Johor,0
G0181,Mukim Plentong,Johor Bahru,Johor,0
G0182,Mukim Plentong,Johor Bahru,Johor,0
G0183,Mukim Plentong,Johor Bahru,Johor,0
G0184,Mukim Plentong,Johor Bahru,Johor,1339
G0185,Mukim Plentong,Johor Bahru,Johor,2889
G0186,Mukim Plentong,Johor Bahru,Johor,4461
G0187,Mukim Plentong,Johor Bahru,Johor,5424
G0188,Mukim Plentong,Johor Bahru,Johor,2856
G0189,Mukim Plentong,Johor Bahru,Johor,3232
G0190,Mukim Plentong,Johor Bahru,Johor,4494
G0191,Mukim Plentong,Johor Bahru,Johor,2623
G0192,Mukim Plentong,Johor Bahru,Johor,1838
G0193,Mukim Plentong,Johor Bahru,Johor,299
G0194,Mukim Plentong,Johor Bahru,Johor,0
G0195,Mukim Pulai,Johor Bahru,Johor,885
G0196,Mukim Pulai,Johor Bahru,Johor,2358
G0197,Mukim Pulai,Johor Bahru,Johor,885
G0198,Mukim Pulai,Johor Bahru,Johor,2744
G0199,Mukim Pulai,Johor Bahru,Johor,1760
G0200,Mukim Pulai,Johor Bahru,Johor,3341
G0201,Mukim Pulai,Johor Bahru,Johor,4037
G0202,Mukim Pulai,Johor Bahru,Johor,4454
G0203,Mukim Pulai,Johor Bahru,Johor,5827
G0204,Mukim Pulai,Johor Bahru,Johor,7378
G0205,Mukim Pulai,Johor Bahru,Johor,3391
G0206,Mukim Pulai,Johor Bahru,Johor,4514
G0207,Mukim Pulai,Johor Bahru,Johor,1143
G0208,Mukim Pulai,Johor Bahru,Johor,381
G0209,Mukim Pulai,Johor Bahru,Johor,146
G0210,Mukim Pulai,Johor Bahru,Johor,0
G0211,Mukim Plentong,Johor Bahru,Johor,651
G0212,Mukim Plentong,Johor Bahru,Johor,10043
G0213,Mukim Plentong,Johor Bahru,Johor,8424
G0214,Mukim Plentong,Johor Bahru,Johor,487
G0215,Mukim Plentong,Johor Bahru,Johor,0
G0216,Mukim Plentong,Johor Bahru,Johor,0
G0217,Mukim Plentong,Johor Bahru,Johor,0
G0218,Mukim Plentong,Johor Bahru,Johor,0
G0219,Mukim Plentong,Johor Bahru,Johor,675
G0220,Mukim Plentong,Johor Bahru,Johor,886
G0221,Mukim Plentong,Johor Bahru,Johor,1207
G0222,Mukim Plentong,Johor Bahru,Johor,1638
G0223,Mukim Plentong,Johor Bahru,Johor,7073
G0224,Mukim Plentong,Johor Bahru,Johor,4074
G0225,Mukim Plentong,Johor Bahru,Johor,1860
G0226,Mukim Plentong,Johor Bahru,Johor,6498
G0227,Mukim Plentong,Johor Bahru,Johor,3011
G0228,Mukim Plentong,Johor Bahru,Johor,1915
G0229,Mukim Plentong,Johor Bahru,Johor,4051
G0230,Mukim Plentong,Johor Bahru,Johor,3708
G0231,Mukim Plentong,Johor Bahru,Johor,2369
G0232,Mukim Plentong,Johor Bahru,Johor,1461
G0233,Mukim Plentong,Johor Bahru,Johor,110
G0234,Mukim Pulai,Johor Bahru,Johor,50
G0235,Mukim Pulai,Johor Bahru,Johor,2645
G0236,Mukim Pulai,Johor Bahru,Johor,607
G0237,Mukim Pulai,Johor Bahru,Johor,199
G0238,Mukim Pulai,Johor Bahru,Johor,1114
G0239,Mukim Pulai,Johor Bahru,Johor,785
G0240,Mukim Pulai,Johor Bahru,Johor,3182
G0241,Mukim Pulai,Johor Bahru,Johor,4693
G0242,Mukim Pulai,Johor Bahru,Johor,4037
G0243,Mukim Pulai,Johor Bahru,Johor,4723
G0244,Mukim Pulai,Johor Bahru,Johor,3480
G0245,Mukim Pulai,Johor Bahru,Johor,3808
G0246,Mukim Pulai,Johor Bahru,Johor,6821
G0247,Mukim Pulai,Johor Bahru,Johor,1432
G0248,Mukim Pulai,Johor Bahru,Johor,0
G0249,Mukim Plentong,Johor Bahru,Johor,8386
G0250,Mukim Plentong,Johor Bahru,Johor,6210
G0251,Mukim Plentong,Johor Bahru,Johor,2070
G0252,Mukim Plentong,Johor Bahru,Johor,996
G0253,Mukim Plentong,Johor Bahru,Johor,1251
G0254,Mukim Plentong,Johor Bahru,Johor,2856
G0255,Mukim Plentong,Johor Bahru,Johor,3044
G0256,Mukim Plentong,Johor Bahru,Johor,3210
G0257,Mukim Plentong,Johor Bahru,Johor,1849
G0258,Mukim Plentong,Johor Bahru,Johor,5911
G0259,Mukim Plentong,Johor Bahru,Johor,5812
G0260,Mukim Plentong,Johor Bahru,Johor,5601
G0261,Mukim Plentong,Johor Bahru,Johor,5380
G0262,Mukim Plentong,Johor Bahru,Johor,6376
G0263,Mukim Plentong,Johor Bahru,Johor,2159
G0264,Mukim Plentong,Johor Bahru,Johor,4350
G0265,Mukim Plentong,Johor Bahru,Johor,2446
G0266,Mukim Plentong,Johor Bahru,Johor,886
G0267,Mukim Plentong,Johor Bahru,Johor,1815
G0268,Mukim Plentong,Johor Bahru,Johor,2480
G0269,Mukim Plentong,Johor Bahru,Johor,443
G0270,Mukim Plentong,Johor Bahru,Johor,22
G0271,Mukim Pulai,Johor Bahru,Johor,0
G0272,Mukim Pulai,Johor Bahru,Johor,517
G0273,Mukim Pulai,Johor Bahru,Johor,3659
G0274,Mukim Pulai,Johor Bahru,Johor,418
G0275,Mukim Pulai,Johor Bahru,Johor,80
G0276,Mukim Pulai,Johor Bahru,Johor,2665
G0277,Mukim Pulai,Johor Bahru,Johor,3540
G0278,Mukim Pulai,Johor Bahru,Johor,4972
G0279,Mukim Pulai,Johor Bahru,Johor,3967
G0280,Mukim Pulai,Johor Bahru,Johor,4972
G0281,Mukim Pulai,Johor Bahru,Johor,4534
G0282,Mukim Pulai,Johor Bahru,Johor,4345
G0283,Mukim Pulai,Johor Bahru,Johor,5578
G0284,Mukim Pulai,Johor Bahru,Johor,4017
G0285,Mukim Pulai,Johor Bahru,Johor,7139
G0286,Mukim Tebrau,Johor Bahru,Johor,2509
G0287,Mukim Plentong,Johor Bahru,Johor,5059
G0288,Mukim Plentong,Johor Bahru,Johor,7029
G0289,Mukim Plentong,Johor Bahru,Johor,7782
G0290,Mukim Plentong,Johor Bahru,Johor,1362
G0291,Mukim Plentong,Johor Bahru,Johor,1838
G0292,Mukim Plentong,Johor Bahru,Johor,5634
G0293,Mukim Plentong,Johor Bahru,Johor,7760
G0294,Mukim Plentong,Johor Bahru,Johor,1450
G0295,Mukim Plentong,Johor Bahru,Johor,5944
G0296,Mukim Plentong,Johor Bahru,Johor,6343
G0297,Mukim Plentong,Johor Bahru,Johor,8324
G0298,Mukim Plentong,Johor Bahru,Johor,6443
G0299,Mukim Plentong,Johor Bahru,Johor,6133
G0300,Mukim Plentong,Johor Bahru,Johor,3908
G0301,Mukim Plentong,Johor Bahru,Johor,288
G0302,Mukim Plentong,Johor Bahru,Johor,4760
G0303,Mukim Plentong,Johor Bahru,Johor,4760
G0304,Mukim Plentong,Johor Bahru,Johor,2778
G0305,Mukim Plentong,Johor Bahru,Johor,2170
G0306,Mukim Plentong,Johor Bahru,Johor,332
G0307,Mukim Plentong,Johor Bahru,Johor,0
G0308,Mukim Plentong,Johor Bahru,Johor,22
G0309,Mukim Pulai,Johor Bahru,Johor,3
G0310,Mukim Pulai,Johor Bahru,Johor,1332
G0311,Mukim Pulai,Johor Bahru,Johor,537
G0312,Mukim Pulai,Johor Bahru,Johor,626
G0313,Mukim Pulai,Johor Bahru,Johor,577
G0314,Mukim Pulai,Johor Bahru,Johor,3202
G0315,Mukim Pulai,Johor Bahru,Johor,4266
G0316,Mukim Pulai,Johor Bahru,Johor,1849
G0317,Mukim Pulai,Johor Bahru,Johor,4285
G0318,Mukim Pulai,Johor Bahru,Johor,5469
G0319,Mukim Pulai,Johor Bahru,Johor,3033
G0320,Mukim Pulai,Johor Bahru,Johor,4166
G0321,Mukim Pulai,Johor Bahru,Johor,2426
G0322,Mukim Pulai,Johor Bahru,Johor,5590
G0323,Mukim Tebrau,Johor Bahru,Johor,5750
G0324,Mukim Tebrau,Johor Bahru,Johor,5052
G0325,Mukim Tebrau,Johor Bahru,Johor,1469
G0326,Mukim Plentong,Johor Bahru,Johor,1317
G0327,Mukim Plentong,Johor Bahru,Johor,8369
G0328,Mukim Plentong,Johor Bahru,Johor,2834
G0329,Mukim Plentong,Johor Bahru,Johor,1339
G0330,Mukim Plentong,Johor Bahru,Johor,1184
G0331,Mukim Plentong,Johor Bahru,Johor,520
G0332,Mukim Plentong,Johor Bahru,Johor,1959
G0333,Mukim Plentong,Johor Bahru,Johor,7228
G0334,Mukim Plentong,Johor Bahru,Johor,4051
G0335,Mukim Plentong,Johor Bahru,Johor,3133
G0336,Mukim Plentong,Johor Bahru,Johor,6066
G0337,Mukim Plentong,Johor Bahru,Johor,5003
G0338,Mukim Plentong,Johor Bahru,Johor,3332
G0339,Mukim Plentong,Johor Bahru,Johor,3365
G0340,Mukim Plentong,Johor Bahru,Johor,4782
G0341,Mukim Plentong,Johor Bahru,Johor,587
G0342,Mukim Plentong,Johor Bahru,Johor,3044
G0343,Mukim Plentong,Johor Bahru,Johor,2612
G0344,Mukim Plentong,Johor Bahru,Johor,1406
G0345,Mukim Plentong,Johor Bahru,Johor,753
G0346,Mukim Plentong,Johor Bahru,Johor,0
G0347,Mukim Plentong,Johor Bahru,Johor,149
G0348,Mukim Plentong,Johor Bahru,Johor,73
G0349,Mukim Pulai,Johor Bahru,Johor,0
G0350,Mukim Pulai,Johor Bahru,Johor,1233
G0351,Mukim Pulai,Johor Bahru,Johor,0
G0352,Mukim Pulai,Johor Bahru,Johor,0
G0353,Mukim Pulai,Johor Bahru,Johor,0
G0354,Mukim Pulai,Johor Bahru,Johor,189
G0355,Mukim Pulai,Johor Bahru,Johor,1979
G0356,Mukim Pulai,Johor Bahru,Johor,4315
G0357,Mukim Pulai,Johor Bahru,Johor,4922
G0358,Mukim Pulai,Johor Bahru,Johor,6135
G0359,Mukim Pulai,Johor Bahru,Johor,4793
G0360,Mukim Pulai,Johor Bahru,Johor,1482
G0361,Mukim Pulai,Johor Bahru,Johor,2792
G0362,Mukim Tebrau,Johor Bahru,Johor,5974
G0363,Mukim Tebrau,Johor Bahru,Johor,5441
G0364,Mukim Tebrau,Johor Bahru,Johor,2739
G0365,Mukim Tebrau,Johor Bahru,Johor,4292
G0366,Mukim Tebrau,Johor Bahru,Johor,4185
G0367,Mukim Tebrau,Johor Bahru,Johor,3923
G0368,Mukim Tebrau,Johor Bahru,Johor,895
G0369,Mukim Plentong,Johor Bahru,Johor,4163
G0370,Mukim Plentong,Johor Bahru,Johor,5391
G0371,Mukim Plentong,Johor Bahru,Johor,1915
G0372,Mukim Plentong,Johor Bahru,Johor,908
G0373,Mukim Plentong,Johor Bahru,Johor,2911
G0374,Mukim Plentong,Johor Bahru,Johor,686
G0375,Mukim Plentong,Johor Bahru,Johor,4151
G0376,Mukim Plentong,Johor Bahru,Johor,6642
G0377,Mukim Plentong,Johor Bahru,Johor,3254
G0378,Mukim Plentong,Johor Bahru,Johor,210
G0379,Mukim Plentong,Johor Bahru,Johor,2646
G0380,Mukim Plentong,Johor Bahru,Johor,4682
G0381,Mukim Plentong,Johor Bahru,Johor,4915
G0382,Mukim Plentong,Johor Bahru,Johor,1373
G0383,Mukim Plentong,Johor Bahru,Johor,2125
G0384,Mukim Plentong,Johor Bahru,Johor,996
G0385,Mukim Plentong,Johor Bahru,Johor,841
G0386,Mukim Plentong,Johor Bahru,Johor,3764
G0387,Mukim Plentong,Johor Bahru,Johor,2015
G0388,Mukim Plentong,Johor Bahru,Johor,66
G0389,Mukim Plentong,Johor Bahru,Johor,0
G0390,Mukim Plentong,Johor Bahru,Johor,642
G0391,Mukim Plentong,Johor Bahru,Johor,273
G0392,Mukim Kulai,Kulaijaya,Johor,265
G0393,Mukim Pulai,Johor Bahru,Johor,2206
G0394,Mukim Pulai,Johor Bahru,Johor,20
G0395,Mukim Pulai,Johor Bahru,Johor,0
G0396,Mukim Pulai,Johor Bahru,Johor,0
G0397,Mukim Pulai,Johor Bahru,Johor,1303
G0398,Mukim Pulai,Johor Bahru,Johor,268
G0399,Mukim Pulai,Johor Bahru,Johor,0
G0400,Mukim Pulai,Johor Bahru,Johor,10
G0401,Mukim Pulai,Johor Bahru,Johor,477
G0402,Mukim Pulai,Johor Bahru,Johor,3649
G0403,Mukim Pulai,Johor Bahru,Johor,4285
G0404,Mukim Pulai,Johor Bahru,Johor,4524
G0405,Mukim Pulai,Johor Bahru,Johor,4017
G0406,Mukim Pulai,Johor Bahru,Johor,4355
G0407,Mukim Pulai,Johor Bahru,Johor,4494
G0408,Mukim Pulai,Johor Bahru,Johor,3103
G0409,Mukim Tebrau,Johor Bahru,Johor,2467
G0410,Mukim Tebrau,Johor Bahru,Johor,4555
G0411,Mukim Tebrau,Johor Bahru,Johor,2956
G0412,Mukim Tebrau,Johor Bahru,Johor,4890
G0413,Mukim Tebrau,Johor Bahru,Johor,4835
G0414,Mukim Tebrau,Johor Bahru,Johor,3145
G0415,Mukim Tebrau,Johor Bahru,Johor,6047
G0416,Mukim Tebrau,Johor Bahru,Johor,5757
G0417,Mukim Tebrau,Johor Bahru,Johor,4143
G0418,Mukim Plentong,Johor Bahru,Johor,3870
G0419,Mukim Plentong,Johor Bahru,Johor,5285
G0420,Mukim Plentong,Johor Bahru,Johor,5347
G0421,Mukim Plentong,Johor Bahru,Johor,6420
G0422,Mukim Plentong,Johor Bahru,Johor,6631
G0423,Mukim Plentong,Johor Bahru,Johor,6520
G0424,Mukim Plentong,Johor Bahru,Johor,5989
G0425,Mukim Plentong,Johor Bahru,Johor,2004
G0426,Mukim Plentong,Johor Bahru,Johor,232
G0427,Mukim Plentong,Johor Bahru,Johor,299
G0428,Mukim Plentong,Johor Bahru,Johor,55
G0429,Mukim Plentong,Johor Bahru,Johor,221
G0430,Mukim Plentong,Johor Bahru,Johor,531
G0431,Mukim Plentong,Johor Bahru,Johor,221
G0432,Mukim Plentong,Johor Bahru,Johor,3421
G0433,Mukim Plentong,Johor Bahru,Johor,11
G0434,Mukim Plentong,Johor Bahru,Johor,2424
G0435,Mukim Plentong,Johor Bahru,Johor,2358
G0436,Mukim Plentong,Johor Bahru,Johor,3365
G0437,Mukim Plentong,Johor Bahru,Johor,686
G0438,Mukim Plentong,Johor Bahru,Johor,775
G0439,Mukim Plentong,Johor Bahru,Johor,402
G0440,Mukim Kulai,Kulaijaya,Johor,0
G0441,Mukim Kulai,Kulaijaya,Johor,0
G0442,Mukim Kulai,Kulaijaya,Johor,563
G0443,Mukim Kulai,Kulaijaya,Johor,2931
G0444,Mukim Pulai,Johor Bahru,Johor,616
G0445,Mukim Pulai,Johor Bahru,Johor,0
G0446,Mukim Pulai,Johor Bahru,Johor,1084
G0447,Mukim Pulai,Johor Bahru,Johor,2685
G0448,Mukim Pulai,Johor Bahru,Johor,398
G0449,Mukim Pulai,Johor Bahru,Johor,0
G0450,Mukim Pulai,Johor Bahru,Johor,1104
G0451,Mukim Pulai,Johor Bahru,Johor,6542
G0452,Mukim Pulai,Johor Bahru,Johor,5091
G0453,Mukim Pulai,Johor Bahru,Johor,3420
G0454,Mukim Pulai,Johor Bahru,Johor,1243
G0455,Mukim Pulai,Johor Bahru,Johor,1521
G0456,Mukim Pulai,Johor Bahru,Johor,5498
G0457,Mukim Pulai,Johor Bahru,Johor,4150
G0458,Mukim Tebrau,Johor Bahru,Johor,3464
G0459,Mukim Tebrau,Johor Bahru,Johor,2178
G0460,Mukim Tebrau,Johor Bahru,Johor,4519
G0461,Mukim Tebrau,Johor Bahru,Johor,5287
G0462,Mukim Tebrau,Johor Bahru,Johor,5649
G0463,Mukim Tebrau,Johor Bahru,Johor,3552
G0464,Mukim Tebrau,Johor Bahru,Johor,2431
G0465,Mukim Tebrau,Johor Bahru,Johor,3715
G0466,Mukim Tebrau,Johor Bahru,Johor,3615
G0467,Mukim Tebrau,Johor Bahru,Johor,3633
G0468,Mukim Tebrau,Johor Bahru,Johor,5974
G0469,Mukim Tebrau,Johor Bahru,Johor,4695
G0470,Mukim Plentong,Johor Bahru,Johor,6646
G0471,Mukim Plentong,Johor Bahru,Johor,6133
G0472,Mukim Plentong,Johor Bahru,Johor,2657
G0473,Mukim Plentong,Johor Bahru,Johor,5767
G0474,Mukim Plentong,Johor Bahru,Johor,2314
G0475,Mukim Plentong,Johor Bahru,Johor,0
G0476,Mukim Plentong,Johor Bahru,Johor,266
G0477,Mukim Plentong,Johor Bahru,Johor,33
G0478,Mukim Plentong,Johor Bahru,Johor,365
G0479,Mukim Plentong,Johor Bahru,Johor,365
G0480,Mukim Plentong,Johor Bahru,Johor,1284
G0481,Mukim Plentong,Johor Bahru,Johor,609
G0482,Mukim Plentong,Johor Bahru,Johor,33
G0483,Mukim Plentong,Johor Bahru,Johor,0
G0484,Mukim Plentong,Johor Bahru,Johor,0
G0485,Mukim Plentong,Johor Bahru,Johor,221
G0486,Mukim Plentong,Johor Bahru,Johor,1052
G0487,Mukim Plentong,Johor Bahru,Johor,55
G0488,Mukim Plentong,Johor Bahru,Johor,111
G0489,Mukim Plentong,Johor Bahru,Johor,33
G0490,Mukim Kulai,Kulaijaya,Johor,0
G0491,Mukim Kulai,Kulaijaya,Johor,30
G0492,Mukim Kulai,Kulaijaya,Johor,655
G0493,Mukim Kulai,Kulaijaya,Johor,725
G0494,Mukim Pulai,Johor Bahru,Johor,1023
G0495,Mukim Pulai,Johor Bahru,Johor,0
G0496,Mukim Pulai,Johor Bahru,Johor,80
G0497,Mukim Pulai,Johor Bahru,Johor,4733
G0498,Mukim Pulai,Johor Bahru,Johor,3023
G0499,Mukim Pulai,Johor Bahru,Johor,10
G0500,Mukim Pulai,Johor Bahru,Johor,865
G0501,Mukim Pulai,Johor Bahru,Johor,7308
G0502,Mukim Pulai,Johor Bahru,Johor,7895
G0503,Mukim Pulai,Johor Bahru,Johor,5210
G0504,Mukim Pulai,Johor Bahru,Johor,2018
G0505,Mukim Pulai,Johor Bahru,Johor,5300
G0506,Mukim Pulai,Johor Bahru,Johor,5263
G0507,Mukim Tebrau,Johor Bahru,Johor,3066
G0508,Mukim Tebrau,Johor Bahru,Johor,4266
G0509,Mukim Tebrau,Johor Bahru,Johor,3046
G0510,Mukim Tebrau,Johor Bahru,Johor,3191
G0511,Mukim Tebrau,Johor Bahru,Johor,3236
G0512,Mukim Tebrau,Johor Bahru,Johor,3353
G0513,Mukim Tebrau,Johor Bahru,Johor,2829
G0514,Mukim Tebrau,Johor Bahru,Johor,5450
G0515,Mukim Tebrau,Johor Bahru,Johor,2504
G0516,Mukim Tebrau,Johor Bahru,Johor,2937
G0517,Mukim Tebrau,Johor Bahru,Johor,4628
G0518,Mukim Tebrau,Johor Bahru,Johor,3299
G0519,Mukim Tebrau,Johor Bahru,Johor,4320
G0520,Mukim Tebrau,Johor Bahru,Johor,2834
G0521,Mukim Plentong,Johor Bahru,Johor,5942
G0522,Mukim Plentong,Johor Bahru,Johor,5867
G0523,Mukim Plentong,Johor Bahru,Johor,4361
G0524,Mukim Plentong,Johor Bahru,Johor,1439
G0525,Mukim Plentong,Johor Bahru,Johor,941
G0526,Mukim Plentong,Johor Bahru,Johor,266
G0527,Mukim Plentong,Johor Bahru,Johor,77
G0528,Mukim Plentong,Johor Bahru,Johor,66
G0529,Mukim Plentong,Johor Bahru,Johor,255
G0530,Mukim Plentong,Johor Bahru,Johor,0
G0531,Mukim Plentong,Johor Bahru,Johor,0
G0532,Mukim Plentong,Johor Bahru,Johor,0
G0533,Mukim Plentong,Johor Bahru,Johor,0
G0534,Mukim Plentong,Johor Bahru,Johor,77
G0535,Mukim Plentong,Johor Bahru,Johor,44
G0536,Mukim Plentong,Johor Bahru,Johor,0
G0537,Mukim Plentong,Johor Bahru,Johor,99
G0538,Mukim Plentong,Johor Bahru,Johor,0
G0539,Mukim Plentong,Johor Bahru,Johor,0
G0540,Mukim Kulai,Kulaijaya,Johor,20
G0541,Mukim Kulai,Kulaijaya,Johor,23
G0542,Mukim Kulai,Kulaijaya,Johor,0
G0543,Mukim Kulai,Kulaijaya,Johor,0
G0544,Mukim Kulai,Kulaijaya,Johor,0
G0545,Mukim Kulai,Kulaijaya,Johor,70
G0546,Mukim Pulai,Johor Bahru,Johor,1034
G0547,Mukim Pulai,Johor Bahru,Johor,756
G0548,Mukim Pulai,Johor Bahru,Johor,1273
G0549,Mukim Pulai,Johor Bahru,Johor,1810
G0550,Mukim Pulai,Johor Bahru,Johor,70
G0551,Mukim Pulai,Johor Bahru,Johor,179
G0552,Mukim Pulai,Johor Bahru,Johor,2685
G0553,Mukim Pulai,Johor Bahru,Johor,4554
G0554,Mukim Kulai,Kulaijaya,Johor,159
G0555,Mukim Kulai,Kulaijaya,Johor,924
G0556,Mukim Pulai,Johor Bahru,Johor,2326
G0557,Mukim Tebrau,Johor Bahru,Johor,673
G0558,Mukim Tebrau,Johor Bahru,Johor,262
G0559,Mukim Tebrau,Johor Bahru,Johor,1681
G0560,Mukim Tebrau,Johor Bahru,Johor,298
G0561,Mukim Tebrau,Johor Bahru,Johor,2169
G0562,Mukim Tebrau,Johor Bahru,Johor,3299
G0563,Mukim Tebrau,Johor Bahru,Johor,3597
G0564,Mukim Tebrau,Johor Bahru,Johor,3480
G0565,Mukim Tebrau,Johor Bahru,Johor,841
G0566,Mukim Tebrau,Johor Bahru,Johor,1672
G0567,Mukim Tebrau,Johor Bahru,Johor,4058
G0568,Mukim Tebrau,Johor Bahru,Johor,5052
G0569,Mukim Tebrau,Johor Bahru,Johor,2504
G0570,Mukim Tebrau,Johor Bahru,Johor,3968
G0571,Mukim Tebrau,Johor Bahru,Johor,4284
G0572,Mukim Tebrau,Johor Bahru,Johor,4969
G0573,Mukim Plentong,Johor Bahru,Johor,5704
G0574,Mukim Plentong,Johor Bahru,Johor,4029
G0575,Mukim Plentong,Johor Bahru,Johor,6044
G0576,Mukim Plentong,Johor Bahru,Johor,3232
G0577,Mukim Plentong,Johor Bahru,Johor,797
G0578,Mukim Plentong,Johor Bahru,Johor,288
G0579,Mukim Plentong,Johor Bahru,Johor,255
G0580,Mukim Plentong,Johor Bahru,Johor,0
G0581,Mukim Plentong,Johor Bahru,Johor,0
G0582,Mukim Plentong,Johor Bahru,Johor,0
G0583,Mukim Plentong,Johor Bahru,Johor,0
G0584,Mukim Plentong,Johor Bahru,Johor,0
G0585,Mukim Plentong,Johor Bahru,Johor,77
G0586,Mukim Plentong,Johor Bahru,Johor,0
G0587,Mukim Plentong,Johor Bahru,Johor,0
G0588,Mukim Kulai,Kulaijaya,Johor,348
G0589,Mukim Kulai,Kulaijaya,Johor,40
G0590,Mukim Kulai,Kulaijaya,Johor,0
G0591,Mukim Kulai,Kulaijaya,Johor,0
G0592,Mukim Kulai,Kulaijaya,Johor,0
G0593,Mukim Kulai,Kulaijaya,Johor,0
G0594,Mukim Kulai,Kulaijaya,Johor,894
G0595,Mukim Pulai,Johor Bahru,Johor,2833
G0596,Mukim Pulai,Johor Bahru,Johor,1113
G0597,Mukim Pulai,Johor Bahru,Johor,5853
G0598,Mukim Pulai,Johor Bahru,Johor,2415
G0599,Mukim Pulai,Johor Bahru,Johor,2028
G0600,Mukim Pulai,Johor Bahru,Johor,3639
G0601,Mukim Kulai,Kulaijaya,Johor,2762
G0602,Mukim Kulai,Kulaijaya,Johor,4836
G0603,Mukim Kulai,Kulaijaya,Johor,4131
G0604,Mukim Kulai,Kulaijaya,Johor,1817
G0605,Mukim Tebrau,Johor Bahru,Johor,1340
G0606,Mukim Tebrau,Johor Bahru,Johor,1139
G0607,Mukim Tebrau,Johor Bahru,Johor,2332
G0608,Mukim Tebrau,Johor Bahru,Johor,0
G0609,Mukim Tebrau,Johor Bahru,Johor,316
G0610,Mukim Tebrau,Johor Bahru,Johor,1057
G0611,Mukim Tebrau,Johor Bahru,Johor,3615
G0612,Mukim Tebrau,Johor Bahru,Johor,1546
G0613,Mukim Tebrau,Johor Bahru,Johor,1916
G0614,Mukim Tebrau,Johor Bahru,Johor,4474
G0615,Mukim Tebrau,Johor Bahru,Johor,3335
G0616,Mukim Tebrau,Johor Bahru,Johor,4510
G0617,Mukim Tebrau,Johor Bahru,Johor,1184
G0618,Mukim Tebrau,Johor Bahru,Johor,4492
G0619,Mukim Tebrau,Johor Bahru,Johor,2630
G0620,Mukim Tebrau,Johor Bahru,Johor,2873
G0621,Mukim Plentong,Johor Bahru,Johor,5038
G0622,Mukim Plentong,Johor Bahru,Johor,3266
G0623,Mukim Plentong,Johor Bahru,Johor,5800
G0624,Mukim Plentong,Johor Bahru,Johor,2989
G0625,Mukim Plentong,Johor Bahru,Johor,531
G0626,Mukim Plentong,Johor Bahru,Johor,520
G0627,Mukim Plentong,Johor Bahru,Johor,144
G0628,Mukim Plentong,Johor Bahru,Johor,33
G0629,Mukim Plentong,Johor Bahru,Johor,0
G0630,Mukim Plentong,Johor Bahru,Johor,0
G0631,Mukim Plentong,Johor Bahru,Johor,0
G0632,Mukim Kulai,Kulaijaya,Johor,265
G0633,Mukim Kulai,Kulaijaya,Johor,129
G0634,Mukim Kulai,Kulaijaya,Johor,0
G0635,Mukim Kulai,Kulaijaya,Johor,0
G0636,Mukim Kulai,Kulaijaya,Johor,0
G0637,Mukim Kulai,Kulaijaya,Johor,0
G0638,Mukim Kulai,Kulaijaya,Johor,0
G0639,Mukim Kulai,Kulaijaya,Johor,308
G0640,Mukim Kulai,Kulaijaya,Johor,318
G0641,Mukim Kulai,Kulaijaya,Johor,3128
G0642,Mukim Kulai,Kulaijaya,Johor,3187
G0643,Mukim Kulai,Kulaijaya,Johor,4271
G0644,Mukim Kulai,Kulaijaya,Johor,7399
G0645,Mukim Kulai,Kulaijaya,Johor,3803
G0646,Mukim Kulai,Kulaijaya,Johor,3028
G0647,Mukim Kulai,Kulaijaya,Johor,1519
G0648,Mukim Kulai,Kulaijaya,Johor,1132
G0649,Mukim Kulai,Kulaijaya,Johor,239
G0650,Mukim Tebrau,Johor Bahru,Johor,18
G0651,Mukim Tebrau,Johor Bahru,Johor,90
G0652,Mukim Tebrau,Johor Bahru,Johor,9
G0653,Mukim Tebrau,Johor Bahru,Johor,72
G0654,Mukim Tebrau,Johor Bahru,Johor,1943
G0655,Mukim Tebrau,Johor Bahru,Johor,3082
G0656,Mukim Tebrau,Johor Bahru,Johor,913
G0657,Mukim Tebrau,Johor Bahru,Johor,1681
G0658,Mukim Tebrau,Johor Bahru,Johor,6697
G0659,Mukim Tebrau,Johor Bahru,Johor,3435
G0660,Mukim Tebrau,Johor Bahru,Johor,4537
G0661,Mukim Tebrau,Johor Bahru,Johor,1329
G0662,Mukim Tebrau,Johor Bahru,Johor,2820
G0663,Mukim Tebrau,Johor Bahru,Johor,2928
G0664,Mukim Tebrau,Johor Bahru,Johor,2802
G0665,Mukim Tebrau,Johor Bahru,Johor,2754
G0666,Mukim Plentong,Johor Bahru,Johor,2844
G0667,Mukim Plentong,Johor Bahru,Johor,3099
G0668,Mukim Plentong,Johor Bahru,Johor,531
G0669,Mukim Plentong,Johor Bahru,Johor,1151
G0670,Mukim Plentong,Johor Bahru,Johor,2579
G0671,Mukim Plentong,Johor Bahru,Johor,874
G0672,Mukim Plentong,Johor Bahru,Johor,387
G0673,Mukim Plentong,Johor Bahru,Johor,1107
G0674,Mukim Plentong,Johor Bahru,Johor,0
G0675,Mukim Kulai,Kulaijaya,Johor,248
G0676,Mukim Kulai,Kulaijaya,Johor,169
G0677,Mukim Kulai,Kulaijaya,Johor,0
G0678,Mukim Kulai,Kulaijaya,Johor,0
G0679,Mukim Kulai,Kulaijaya,Johor,0
G0680,Mukim Kulai,Kulaijaya,Johor,0
G0681,Mukim Kulai,Kulaijaya,Johor,0
G0682,Mukim Kulai,Kulaijaya,Johor,0
G0683,Mukim Kulai,Kulaijaya,Johor,357
G0684,Mukim Kulai,Kulaijaya,Johor,1221
G0685,Mukim Kulai,Kulaijaya,Johor,2383
G0686,Mukim Kulai,Kulaijaya,Johor,1410
G0687,Mukim Kulai,Kulaijaya,Johor,3157
G0688,Mukim Kulai,Kulaijaya,Johor,387
G0689,Mukim Kulai,Kulaijaya,Johor,0
G0690,Mukim Kulai,Kulaijaya,Johor,606
G0691,Mukim Kulai,Kulaijaya,Johor,1728
G0692,Mukim Tebrau,Johor Bahru,Johor,296
G0693,Mukim Tebrau,Johor Bahru,Johor,81
G0694,Mukim Tebrau,Johor Bahru,Johor,0
G0695,Mukim Tebrau,Johor Bahru,Johor,18
G0696,Mukim Tebrau,Johor Bahru,Johor,0
G0697,Mukim Tebrau,Johor Bahru,Johor,0
G0698,Mukim Tebrau,Johor Bahru,Johor,1799
G0699,Mukim Tebrau,Johor Bahru,Johor,2901
G0700,Mukim Tebrau,Johor Bahru,Johor,2061
G0701,Mukim Tebrau,Johor Bahru,Johor,2124
G0702,Mukim Tebrau,Johor Bahru,Johor,4664
G0703,Mukim Tebrau,Johor Bahru,Johor,5215
G0704,Mukim Tebrau,Johor Bahru,Johor,3299
G0705,Mukim Tebrau,Johor Bahru,Johor,2115
G0706,Mukim Tebrau,Johor Bahru,Johor,1518
G0707,Mukim Tebrau,Johor Bahru,Johor,2657
G0708,Mukim Tebrau,Johor Bahru,Johor,3181
G0709,Mukim Tebrau,Johor Bahru,Johor,3003
G0710,Mukim Plentong,Johor Bahru,Johor,2325
G0711,Mukim Plentong,Johor Bahru,Johor,919
G0712,Mukim Plentong,Johor Bahru,Johor,2502
G0713,Mukim Plentong,Johor Bahru,Johor,996
G0714,Mukim Plentong,Johor Bahru,Johor,310
G0715,Mukim Plentong,Johor Bahru,Johor,266
G0716,Mukim Plentong,Johor Bahru,Johor,44
G0717,Mukim Kulai,Kulaijaya,Johor,0
G0718,Mukim Kulai,Kulaijaya,Johor,1142
G0719,Mukim Kulai,Kulaijaya,Johor,99
G0720,Mukim Kulai,Kulaijaya,Johor,0
G0721,Mukim Kulai,Kulaijaya,Johor,0
G0722,Mukim Kulai,Kulaijaya,Johor,0
G0723,Mukim Kulai,Kulaijaya,Johor,0
G0724,Mukim Kulai,Kulaijaya,Johor,0
G0725,Mukim Kulai,Kulaijaya,Johor,0
G0726,Mukim Kulai,Kulaijaya,Johor,199
G0727,Mukim Kulai,Kulaijaya,Johor,586
G0728,Mukim Kulai,Kulaijaya,Johor,1479
G0729,Mukim Kulai,Kulaijaya,Johor,1340
G0730,Mukim Kulai,Kulaijaya,Johor,0
G0731,Mukim Kulai,Kulaijaya,Johor,0
G0732,Mukim Kulai,Kulaijaya,Johor,20
G0733,Mukim Kulai,Kulaijaya,Johor,1326
G0734,Mukim Kulai,Kulaijaya,Johor,1391
G0735,Mukim Tebrau,Johor Bahru,Johor,36
G0736,Mukim Tebrau,Johor Bahru,Johor,0
G0737,Mukim Tebrau,Johor Bahru,Johor,0
G0738,Mukim Tebrau,Johor Bahru,Johor,0
G0739,Mukim Tebrau,Johor Bahru,Johor,0
G0740,Mukim Tebrau,Johor Bahru,Johor,0
G0741,Mukim Tebrau,Johor Bahru,Johor,2458
G0742,Mukim Tebrau,Johor Bahru,Johor,4546
G0743,Mukim Tebrau,Johor Bahru,Johor,5730
G0744,Mukim Tebrau,Johor Bahru,Johor,3254
G0745,Mukim Tebrau,Johor Bahru,Johor,1618
G0746,Mukim Tebrau,Johor Bahru,Johor,2486
G0747,Mukim Tebrau,Johor Bahru,Johor,1437
G0748,Mukim Tebrau,Johor Bahru,Johor,253
G0749,Mukim Tebrau,Johor Bahru,Johor,389
G0750,Mukim Tebrau,Johor Bahru,Johor,4067
G0751,Mukim Tebrau,Johor Bahru,Johor,3064
G0752,Mukim Tebrau,Johor Bahru,Johor,2226
G0753,Mukim Plentong,Johor Bahru,Johor,3896
G0754,Mukim Plentong,Johor Bahru,Johor,1362
G0755,Mukim Plentong,Johor Bahru,Johor,1483
G0756,Mukim Plentong,Johor Bahru,Johor,919
G0757,Mukim Plentong,Johor Bahru,Johor,1096
G0758,Mukim Plentong,Johor Bahru,Johor,11
G0759,Mukim Kulai,Kulaijaya,Johor,0
G0760,Mukim Kulai,Kulaijaya,Johor,0
G0761,Mukim Kulai,Kulaijaya,Johor,1559
G0762,Mukim Kulai,Kulaijaya,Johor,953
G0763,Mukim Kulai,Kulaijaya,Johor,30
G0764,Mukim Kulai,Kulaijaya,Johor,0
G0765,Mukim Kulai,Kulaijaya,Johor,0
G0766,Mukim Kulai,Kulaijaya,Johor,0
G0767,Mukim Kulai,Kulaijaya,Johor,0
G0768,Mukim Kulai,Kulaijaya,Johor,0
G0769,Mukim Kulai,Kulaijaya,Johor,40
G0770,Mukim Kulai,Kulaijaya,Johor,248
G0771,Mukim Kulai,Kulaijaya,Johor,0
G0772,Mukim Kulai,Kulaijaya,Johor,0
G0773,Mukim Kulai,Kulaijaya,Johor,10
G0774,Mukim Kulai,Kulaijaya,Johor,50
G0775,Mukim Kulai,Kulaijaya,Johor,428
G0776,Mukim Kulai,Kulaijaya,Johor,3903
G0777,Mukim Senai,Kulaijaya,Johor,1323
G0778,Mukim Senai,Kulaijaya,Johor,0
G0779,Mukim Senai,Kulaijaya,Johor,0
G0780,Mukim Tebrau,Johor Bahru,Johor,63
G0781,Mukim Tebrau,Johor Bahru,Johor,0
G0782,Mukim Tebrau,Johor Bahru,Johor,0
G0783,Mukim Tebrau,Johor Bahru,Johor,678
G0784,Mukim Tebrau,Johor Bahru,Johor,3191
G0785,Mukim Tebrau,Johor Bahru,Johor,2666
G0786,Mukim Tebrau,Johor Bahru,Johor,1283
G0787,Mukim Tebrau,Johor Bahru,Johor,235
G0788,Mukim Tebrau,Johor Bahru,Johor,1283
G0789,Mukim Tebrau,Johor Bahru,Johor,958
G0790,Mukim Tebrau,Johor Bahru,Johor,678
G0791,Mukim Tebrau,Johor Bahru,Johor,307
G0792,Mukim Tebrau,Johor Bahru,Johor,2666
G0793,Mukim Tebrau,Johor Bahru,Johor,3534
G0794,Mukim Tebrau,Johor Bahru,Johor,3507
G0795,Mukim Tebrau,Johor Bahru,Johor,1383
G0796,Mukim Plentong,Johor Bahru,Johor,4530
G0797,Mukim Plentong,Johor Bahru,Johor,1749
G0798,Mukim Plentong,Johor Bahru,Johor,2103
G0799,Mukim Plentong,Johor Bahru,Johor,2469
G0800,Mukim Plentong,Johor Bahru,Johor,55
G0801,Mukim Kota Tinggi,Kota Tinggi,Johor,0
G0802,Mukim Kulai,Kulaijaya,Johor,0
G0803,Mukim Kulai,Kulaijaya,Johor,0
G0804,Mukim Kulai,Kulaijaya,Johor,0
G0805,Mukim Kulai,Kulaijaya,Johor,0
G0806,Mukim Kulai,Kulaijaya,Johor,0
G0807,Mukim Kulai,Kulaijaya,Johor,10
G0808,Mukim Kulai,Kulaijaya,Johor,0
G0809,Mukim Kulai,Kulaijaya,Johor,189
G0810,Mukim Kulai,Kulaijaya,Johor,0
G0811,Mukim Kulai,Kulaijaya,Johor,0
G0812,Mukim Kulai,Kulaijaya,Johor,0
G0813,Mukim Kulai,Kulaijaya,Johor,0
G0814,Mukim Kulai,Kulaijaya,Johor,50
G0815,Mukim Kulai,Kulaijaya,Johor,0
G0816,Mukim Kulai,Kulaijaya,Johor,0
G0817,Mukim Kulai,Kulaijaya,Johor,318
G0818,Mukim Kulai,Kulaijaya,Johor,788
G0819,Mukim Kulai,Kulaijaya,Johor,1026
G0820,Mukim Kulai,Kulaijaya,Johor,5235
G0821,Mukim Senai,Kulaijaya,Johor,566
G0822,Mukim Senai,Kulaijaya,Johor,288
G0823,Mukim Senai,Kulaijaya,Johor,489
G0824,Mukim Senai,Kulaijaya,Johor,222
G0825,Mukim Tebrau,Johor Bahru,Johor,1064
G0826,Mukim Tebrau,Johor Bahru,Johor,0
G0827,Mukim Tebrau,Johor Bahru,Johor,1148
G0828,Mukim Tebrau,Johor Bahru,Johor,2323
G0829,Mukim Tebrau,Johor Bahru,Johor,2106
G0830,Mukim Tebrau,Johor Bahru,Johor,1907
G0831,Mukim Tebrau,Johor Bahru,Johor,27
G0832,Mukim Tebrau,Johor Bahru,Johor,832
G0833,Mukim Tebrau,Johor Bahru,Johor,145
G0834,Mukim Tebrau,Johor Bahru,Johor,0
G0835,Mukim Tebrau,Johor Bahru,Johor,63
G0836,Mukim Tebrau,Johor Bahru,Johor,587
G0837,Mukim Tebrau,Johor Bahru,Johor,1871
G0838,Mukim Tebrau,Johor Bahru,Johor,2359
G0839,Mukim Tebrau,Johor Bahru,Johor,3841
G0840,Mukim Plentong,Johor Bahru,Johor,4157
G0841,Mukim Plentong,Johor Bahru,Johor,1993
G0842,Mukim Plentong,Johor Bahru,Johor,2088
G0843,Mukim Kota Tinggi,Kota Tinggi,Johor,154
G0844,Mukim Kota Tinggi,Kota Tinggi,Johor,3
G0845,Mukim Kota Tinggi,Kota Tinggi,Johor,23
G0846,Mukim Kota Tinggi,Kota Tinggi,Johor,174
G0847,Mukim Kota Tinggi,Kota Tinggi,Johor,165
G0848,Mukim Kulai,Kulaijaya,Johor,0
G0849,Mukim Kulai,Kulaijaya,Johor,0
G0850,Mukim Kulai,Kulaijaya,Johor,0
G0851,Mukim Kulai,Kulaijaya,Johor,0
G0852,Mukim Kulai,Kulaijaya,Johor,0
G0853,Mukim Kulai,Kulaijaya,Johor,0
G0854,Mukim Kulai,Kulaijaya,Johor,407
G0855,Mukim Kulai,Kulaijaya,Johor,99
G0856,Mukim Kulai,Kulaijaya,Johor,0
G0857,Mukim Kulai,Kulaijaya,Johor,0
G0858,Mukim Kulai,Kulaijaya,Johor,0
G0859,Mukim Kulai,Kulaijaya,Johor,0
G0860,Mukim Kulai,Kulaijaya,Johor,0
G0861,Mukim Kulai,Kulaijaya,Johor,0
G0862,Mukim Kulai,Kulaijaya,Johor,0
G0863,Mukim Kulai,Kulaijaya,Johor,135
G0864,Mukim Kulai,Kulaijaya,Johor,173
G0865,Mukim Kulai,Kulaijaya,Johor,326
G0866,Mukim Kulai,Kulaijaya,Johor,345
G0867,Mukim Kulai,Kulaijaya,Johor,3212
G0868,Mukim Senai,Kulaijaya,Johor,1410
G0869,Mukim Senai,Kulaijaya,Johor,2551
G0870,Mukim Senai,Kulaijaya,Johor,2129
G0871,Mukim Senai,Kulaijaya,Johor,585
G0872,Mukim Tebrau,Johor Bahru,Johor,837
G0873,Mukim Senai,Kulaijaya,Johor,104
G0874,Mukim Tebrau,Johor Bahru,Johor,1085
G0875,Mukim Tebrau,Johor Bahru,Johor,2684
G0876,Mukim Tebrau,Johor Bahru,Johor,750
G0877,Mukim Tebrau,Johor Bahru,Johor,99
G0878,Mukim Tebrau,Johor Bahru,Johor,0
G0879,Mukim Tebrau,Johor Bahru,Johor,0
G0880,Mukim Tebrau,Johor Bahru,Johor,0
G0881,Mukim Tebrau,Johor Bahru,Johor,0
G0882,Mukim Tebrau,Johor Bahru,Johor,0
G0883,Mukim Tebrau,Johor Bahru,Johor,9
G0884,Mukim Tebrau,Johor Bahru,Johor,380
G0885,Mukim Tebrau,Johor Bahru,Johor,488
G0886,Mukim Tebrau,Johor Bahru,Johor,2630
G0887,Mukim Plentong,Johor Bahru,Johor,1287
G0888,Mukim Plentong,Johor Bahru,Johor,586
G0889,Mukim Kota Tinggi,Kota Tinggi,Johor,55
G0890,Mukim Kota Tinggi,Kota Tinggi,Johor,0
G0891,Mukim Kota Tinggi,Kota Tinggi,Johor,0
G0892,Mukim Kota Tinggi,Kota Tinggi,Johor,0
G0893,Mukim Kota Tinggi,Kota Tinggi,Johor,170
G0894,Mukim Kota Tinggi,Kota Tinggi,Johor,579
G0895,Mukim Kota Tinggi,Kota Tinggi,Johor,51
G0896,Mukim Kulai,Kulaijaya,Johor,20
G0897,Mukim Kulai,Kulaijaya,Johor,0
G0898,Mukim Kulai,Kulaijaya,Johor,0
G0899,Mukim Kulai,Kulaijaya,Johor,0
G0900,Mukim Kulai,Kulaijaya,Johor,0
G0901,Mukim Kulai,Kulaijaya,Johor,0
G0902,Mukim Kulai,Kulaijaya,Johor,0
G0903,Mukim Kulai,Kulaijaya,Johor,79
G0904,Mukim Kulai,Kulaijaya,Johor,318
G0905,Mukim Kulai,Kulaijaya,Johor,60
G0906,Mukim Kulai,Kulaijaya,Johor,0
G0907,Mukim Kulai,Kulaijaya,Johor,0
G0908,Mukim Kulai,Kulaijaya,Johor,0
G0909,Mukim Kulai,Kulaijaya,Johor,0
G0910,Mukim Kulai,Kulaijaya,Johor,0
G0911,Mukim Kulai,Kulaijaya,Johor,10
G0912,Mukim Kulai,Kulaijaya,Johor,1026
G0913,Mukim Kulai,Kulaijaya,Johor,1064
G0914,Mukim Kulai,Kulaijaya,Johor,1457
G0915,Mukim Kulai,Kulaijaya,Johor,1323
G0916,Mukim Kulai,Kulaijaya,Johor,863
G0917,Mukim Senai,Kulaijaya,Johor,1563
G0918,Mukim Senai,Kulaijaya,Johor,3030
G0919,Mukim Senai,Kulaijaya,Johor,2925
G0920,Mukim Senai,Kulaijaya,Johor,786
G0921,Mukim Senai,Kulaijaya,Johor,1721
G0922,Mukim Senai,Kulaijaya,Johor,1376
G0923,Mukim Tebrau,Johor Bahru,Johor,790
G0924,Mukim Tebrau,Johor Bahru,Johor,1401
G0925,Mukim Tebrau,Johor Bahru,Johor,443
G0926,Mukim Tebrau,Johor Bahru,Johor,0
G0927,Mukim Tebrau,Johor Bahru,Johor,0
G0928,Mukim Tebrau,Johor Bahru,Johor,0
G0929,Mukim Tebrau,Johor Bahru,Johor,0
G0930,Mukim Tebrau,Johor Bahru,Johor,0
G0931,Mukim Tebrau,Johor Bahru,Johor,27
G0932,Mukim Tebrau,Johor Bahru,Johor,569
G0933,Mukim Tebrau,Johor Bahru,Johor,606
G0934,Mukim Tebrau,Johor Bahru,Johor,99
G0935,Mukim Tebrau,Johor Bahru,Johor,217
G0936,Mukim Kota Tinggi,Kota Tinggi,Johor,101
G0937,Mukim Kota Tinggi,Kota Tinggi,Johor,1016
G0938,Mukim Kota Tinggi,Kota Tinggi,Johor,64
G0939,Mukim Kota Tinggi,Kota Tinggi,Johor,0
G0940,Mukim Kota Tinggi,Kota Tinggi,Johor,0
G0941,Mukim Kota Tinggi,Kota Tinggi,Johor,0
G0942,Mukim Kota Tinggi,Kota Tinggi,Johor,0
G0943,Mukim Kota Tinggi,Kota Tinggi,Johor,221
G0944,Mukim Kota Tinggi,Kota Tinggi,Johor,64
G0945,Mukim Kulai,Kulaijaya,Johor,0
G0946,Mukim Kulai,Kulaijaya,Johor,119
G0947,Mukim Kulai,Kulaijaya,Johor,0
G0948,Mukim Kulai,Kulaijaya,Johor,0
G0949,Mukim Kulai,Kulaijaya,Johor,0
G0950,Mukim Kulai,Kulaijaya,Johor,0
G0951,Mukim Kulai,Kulaijaya,Johor,0
G0952,Mukim Kulai,Kulaijaya,Johor,0
G0953,Mukim Kulai,Kulaijaya,Johor,218
G0954,Mukim Kulai,Kulaijaya,Johor,139
G0955,Mukim Kulai,Kulaijaya,Johor,318
G0956,Mukim Kulai,Kulaijaya,Johor,0
G0957,Mukim Kulai,Kulaijaya,Johor,0
G0958,Mukim Kulai,Kulaijaya,Johor,10
G0959,Mukim Kulai,Kulaijaya,Johor,173
G0960,Mukim Kulai,Kulaijaya,Johor,0
G0961,Mukim Kulai,Kulaijaya,Johor,777
G0962,Mukim Kulai,Kulaijaya,Johor,3059
G0963,Mukim Kulai,Kulaijaya,Johor,1860
G0964,Mukim Kulai,Kulaijaya,Johor,2407
G0965,Mukim Kulai,Kulaijaya,Johor,3615
G0966,Mukim Senai,Kulaijaya,Johor,1611
G0967,Mukim Senai,Kulaijaya,Johor,2627
G0968,Mukim Senai,Kulaijaya,Johor,2579
G0969,Mukim Senai,Kulaijaya,Johor,863
G0970,Mukim Senai,Kulaijaya,Johor,3145
G0971,Mukim Senai,Kulaijaya,Johor,1688
G0972,Mukim Senai,Kulaijaya,Johor,1496
G0973,Mukim Senai,Kulaijaya,Johor,2272
G0974,Mukim Tebrau,Johor Bahru,Johor,1357
G0975,Mukim Tebrau,Johor Bahru,Johor,307
G0976,Mukim Tebrau,Johor Bahru,Johor,0
G0977,Mukim Tebrau,Johor Bahru,Johor,0
G0978,Mukim Tebrau,Johor Bahru,Johor,913
G0979,Mukim Tebrau,Johor Bahru,Johor,2883
G0980,Mukim Tebrau,Johor Bahru,Johor,36
G0981,Mukim Tebrau,Johor Bahru,Johor,226
G0982,Mukim Tebrau,Johor Bahru,Johor,1039
G0983,Mukim Tebrau,Johor Bahru,Johor,81
G0984,Mukim Kota Tinggi,Kota Tinggi,Johor,0
G0985,Mukim Kota Tinggi,Kota Tinggi,Johor,0
G0986,Mukim Kota Tinggi,Kota Tinggi,Johor,317
G0987,Mukim Kota Tinggi,Kota Tinggi,Johor,1163
G0988,Mukim Kota Tinggi,Kota Tinggi,Johor,0
G0989,Mukim Kota Tinggi,Kota Tinggi,Johor,0
G0990,Mukim Kota Tinggi,Kota Tinggi,Johor,0
G0991,Mukim Kota Tinggi,Kota Tinggi,Johor,0
G0992,Mukim Kota Tinggi,Kota Tinggi,Johor,0
G0993,Mukim Kota Tinggi,Kota Tinggi,Johor,0
G0994,Mukim Kulai,Kulaijaya,Johor,50
G0995,Mukim Kulai,Kulaijaya,Johor,20
G0996,Mukim Kulai,Kulaijaya,Johor,40
G0997,Mukim Kulai,Kulaijaya,Johor,0
G0998,Mukim Kulai,Kulaijaya,Johor,0
G0999,Mukim Kulai,Kulaijaya,Johor,20
G1000,Mukim Kulai,Kulaijaya,Johor,30
G1001,Mukim Kulai,Kulaijaya,Johor,0
G1002,Mukim Kulai,Kulaijaya,Johor,0
G1003,Mukim Kulai,Kulaijaya,Johor,0
G1004,Mukim Kulai,Kulaijaya,Johor,0
G1005,Mukim Kulai,Kulaijaya,Johor,159
G1006,Mukim Kulai,Kulaijaya,Johor,0
G1007,Mukim Kulai,Kulaijaya,Johor,149
G1008,Mukim Kulai,Kulaijaya,Johor,20
G1009,Mukim Kulai,Kulaijaya,Johor,0
G1010,Mukim Kulai,Kulaijaya,Johor,38
G1011,Mukim Kulai,Kulaijaya,Johor,3001
G1012,Mukim Kulai,Kulaijaya,Johor,3135
G1013,Mukim Kulai,Kulaijaya,Johor,2100
G1014,Mukim Senai,Kulaijaya,Johor,623
G1015,Mukim Senai,Kulaijaya,Johor,307
G1016,Mukim Senai,Kulaijaya,Johor,700
G1017,Mukim Senai,Kulaijaya,Johor,2809
G1018,Mukim Senai,Kulaijaya,Johor,949
G1019,Mukim Senai,Kulaijaya,Johor,2436
G1020,Mukim Senai,Kulaijaya,Johor,1208
G1021,Mukim Senai,Kulaijaya,Johor,316
G1022,Mukim Senai,Kulaijaya,Johor,364
G1023,Mukim Senai,Kulaijaya,Johor,1415
G1024,Mukim Senai,Kulaijaya,Johor,836
G1025,Mukim Tebrau,Johor Bahru,Johor,305
G1026,Mukim Tebrau,Johor Bahru,Johor,0
G1027,Mukim Tebrau,Johor Bahru,Johor,3163
G1028,Mukim Tebrau,Johor Bahru,Johor,2332
G1029,Mukim Tebrau,Johor Bahru,Johor,0
G1030,Mukim Tebrau,Johor Bahru,Johor,0
G1031,Mukim Kota Tinggi,Kota Tinggi,Johor,5
G1032,Mukim Kota Tinggi,Kota Tinggi,Johor,18
G1033,Mukim Kota Tinggi,Kota Tinggi,Johor,0
G1034,Mukim Kota Tinggi,Kota Tinggi,Johor,64
G1035,Mukim Kota Tinggi,Kota Tinggi,Johor,9
G1036,Mukim Kota Tinggi,Kota Tinggi,Johor,106
G1037,Mukim Kota Tinggi,Kota Tinggi,Johor,9
G1038,Mukim Kota Tinggi,Kota Tinggi,Johor,18
G1039,Mukim Kota Tinggi,Kota Tinggi,Johor,0
G1040,Mukim Kota Tinggi,Kota Tinggi,Johor,37
G1041,Mukim Kota Tinggi,Kota Tinggi,Johor,9
G1042,Mukim Kota Tinggi,Kota Tinggi,Johor,0
G1043,Mukim Kota Tinggi,Kota Tinggi,Johor,0
G1044,Mukim Kota Tinggi,Kota Tinggi,Johor,0
G1045,Mukim Kulai,Kulaijaya,Johor,0
G1046,Mukim Kulai,Kulaijaya,Johor,0
G1047,Mukim Kulai,Kulaijaya,Johor,129
G1048,Mukim Kulai,Kulaijaya,Johor,0
G1049,Mukim Kulai,Kulaijaya,Johor,0
G1050,Mukim Kulai,Kulaijaya,Johor,60
G1051,Mukim Kulai,Kulaijaya,Johor,0
G1052,Mukim Kulai,Kulaijaya,Johor,30
G1053,Mukim Kulai,Kulaijaya,Johor,0
G1054,Mukim Kulai,Kulaijaya,Johor,0
G1055,Mukim Kulai,Kulaijaya,Johor,0
G1056,Mukim Kulai,Kulaijaya,Johor,477
G1057,Mukim Kulai,Kulaijaya,Johor,367
G1058,Mukim Kulai,Kulaijaya,Johor,1043
G1059,Mukim Kulai,Kulaijaya,Johor,3545
G1060,Mukim Kulai,Kulaijaya,Johor,1884
G1061,Mukim Kulai,Kulaijaya,Johor,2293
G1062,Mukim Kulai,Kulaijaya,Johor,3292
G1063,Mukim Kulai,Kulaijaya,Johor,4458
G1064,Mukim Senai,Kulaijaya,Johor,3298
G1065,Mukim Senai,Kulaijaya,Johor,2522
G1066,Mukim Senai,Kulaijaya,Johor,115
G1067,Mukim Senai,Kulaijaya,Johor,786
G1068,Mukim Senai,Kulaijaya,Johor,873
G1069,Mukim Senai,Kulaijaya,Johor,10
G1070,Mukim Senai,Kulaijaya,Johor,0
G1071,Mukim Senai,Kulaijaya,Johor,173
G1072,Mukim Senai,Kulaijaya,Johor,77
G1073,Mukim Senai,Kulaijaya,Johor,0
G1074,Mukim Senai,Kulaijaya,Johor,278
G1075,Mukim Senai,Kulaijaya,Johor,355
G1076,Mukim Tebrau,Johor Bahru,Johor,19
G1077,Mukim Tebrau,Johor Bahru,Johor,0
G1078,Mukim Tebrau,Johor Bahru,Johor,416
G1079,Mukim Tebrau,Johor Bahru,Johor,0
G1080,Mukim Tebrau,Johor Bahru,Johor,0
G1081,Mukim Tebrau,Johor Bahru,Johor,0
G1082,Mukim Kota Tinggi,Kota Tinggi,Johor,0
G1083,Mukim Kota Tinggi,Kota Tinggi,Johor,0
G1084,Mukim Kota Tinggi,Kota Tinggi,Johor,0
G1085,Mukim Kota Tinggi,Kota Tinggi,Johor,0
G1086,Mukim Kota Tinggi,Kota Tinggi,Johor,0
G1087,Mukim Kota Tinggi,Kota Tinggi,Johor,0
G1088,Mukim Kota Tinggi,Kota Tinggi,Johor,5
G1089,Mukim Kota Tinggi,Kota Tinggi,Johor,0
G1090,Mukim Kota Tinggi,Kota Tinggi,Johor,9
G1091,Mukim Kota Tinggi,Kota Tinggi,Johor,55
G1092,Mukim Kota Tinggi,Kota Tinggi,Johor,32
G1093,Mukim Kota Tinggi,Kota Tinggi,Johor,14
G1094,Mukim Kota Tinggi,Kota Tinggi,Johor,0
G1095,Mukim Kota Tinggi,Kota Tinggi,Johor,0
G1096,Mukim Kota Tinggi,Kota Tinggi,Johor,0
G1097,Mukim Kota Tinggi,Kota Tinggi,Johor,0
G1098,Mukim Kota Tinggi,Kota Tinggi,Johor,0
G1099,Mukim Kulai,Kulaijaya,Johor,0
G1100,Mukim Kulai,Kulaijaya,Johor,0
G1101,Mukim Kulai,Kulaijaya,Johor,20
G1102,Mukim Kulai,Kulaijaya,Johor,20
G1103,Mukim Kulai,Kulaijaya,Johor,109
G1104,Mukim Kulai,Kulaijaya,Johor,447
G1105,Mukim Kulai,Kulaijaya,Johor,526
G1106,Mukim Kulai,Kulaijaya,Johor,556
G1107,Mukim Kulai,Kulaijaya,Johor,0
G1108,Mukim Kulai,Kulaijaya,Johor,40
G1109,Mukim Kulai,Kulaijaya,Johor,10
G1110,Mukim Kulai,Kulaijaya,Johor,3455
G1111,Mukim Kulai,Kulaijaya,Johor,3128
G1112,Mukim Kulai,Kulaijaya,Johor,3326
G1113,Mukim Kulai,Kulaijaya,Johor,4528
G1114,Mukim Kulai,Kulaijaya,Johor,1250
G1115,Mukim Senai,Kulaijaya,Johor,306
G1116,Mukim Senai,Kulaijaya,Johor,460
G1117,Mukim Senai,Kulaijaya,Johor,3509
G1118,Mukim Senai,Kulaijaya,Johor,3826
G1119,Mukim Senai,Kulaijaya,Johor,2627
G1120,Mukim Senai,Kulaijaya,Johor,566
G1121,Mukim Senai,Kulaijaya,Johor,556
G1122,Mukim Senai,Kulaijaya,Johor,19
G1123,Mukim Senai,Kulaijaya,Johor,0
G1124,Mukim Senai,Kulaijaya,Johor,58
G1125,Mukim Senai,Kulaijaya,Johor,10
G1126,Mukim Senai,Kulaijaya,Johor,29
G1127,Mukim Senai,Kulaijaya,Johor,144
G1128,Mukim Senai,Kulaijaya,Johor,58
G1129,Mukim Tebrau,Johor Bahru,Johor,0
G1130,Mukim Tebrau,Johor Bahru,Johor,0
G1131,Mukim Tebrau,Johor Bahru,Johor,0
G1132,Mukim Tebrau,Johor Bahru,Johor,18
G1133,Mukim Tebrau,Johor Bahru,Johor,0
G1134,Mukim Tebrau,Johor Bahru,Johor,0
G1135,Mukim Kota Tinggi,Kota Tinggi,Johor,0
G1136,Mukim Kota Tinggi,Kota Tinggi,Johor,0
G1137,Mukim Kota Tinggi,Kota Tinggi,Johor,0
G1138,Mukim Kota Tinggi,Kota Tinggi,Johor,0
G1139,Mukim Kota Tinggi,Kota Tinggi,Johor,51
G1140,Mukim Kota Tinggi,Kota Tinggi,Johor,0
G1141,Mukim Kota Tinggi,Kota Tinggi,Johor,0
G1142,Mukim Kota Tinggi,Kota Tinggi,Johor,290
G1143,Mukim Kota Tinggi,Kota Tinggi,Johor,37
G1144,Mukim Kota Tinggi,Kota Tinggi,Johor,0
G1145,Mukim Kota Tinggi,Kota Tinggi,Johor,0
G1146,Mukim Kota Tinggi,Kota Tinggi,Johor,5
G1147,Mukim Kota Tinggi,Kota Tinggi,Johor,9
G1148,Mukim Kota Tinggi,Kota Tinggi,Johor,0
G1149,Mukim Kota Tinggi,Kota Tinggi,Johor,0
G1150,Mukim Kota Tinggi,Kota Tinggi,Johor,0
G1151,Mukim Kota Tinggi,Kota Tinggi,Johor,0
G1152,Mukim Kota Tinggi,Kota Tinggi,Johor,0
G1153,Mukim Kota Tinggi,Kota Tinggi,Johor,60
G1154,Mukim Kota Tinggi,Kota Tinggi,Johor,0
G1155,Mukim Kulai,Kulaijaya,Johor,36
G1156,Mukim Kulai,Kulaijaya,Johor,260
G1157,Mukim Kulai,Kulaijaya,Johor,150
G1158,Mukim Kulai,Kulaijaya,Johor,397
G1159,Mukim Kulai,Kulaijaya,Johor,367
G1160,Mukim Kulai,Kulaijaya,Johor,288
G1161,Mukim Kulai,Kulaijaya,Johor,2115
G1162,Mukim Kulai,Kulaijaya,Johor,1338
G1163,Mukim Kulai,Kulaijaya,Johor,2251
G1164,Mukim Kulai,Kulaijaya,Johor,3654
G1165,Mukim Kulai,Kulaijaya,Johor,4427
G1166,Mukim Kulai,Kulaijaya,Johor,4119
G1167,Mukim Senai,Kulaijaya,Johor,1132
G1168,Mukim Senai,Kulaijaya,Johor,1390
G1169,Mukim Senai,Kulaijaya,Johor,355
G1170,Mukim Senai,Kulaijaya,Johor,403
G1171,Mukim Senai,Kulaijaya,Johor,4641
G1172,Mukim Senai,Kulaijaya,Johor,3720
G1173,Mukim Senai,Kulaijaya,Johor,700
G1174,Mukim Senai,Kulaijaya,Johor,38
G1175,Mukim Senai,Kulaijaya,Johor,10
G1176,Mukim Senai,Kulaijaya,Johor,0
G1177,Mukim Senai,Kulaijaya,Johor,58
G1178,Mukim Senai,Kulaijaya,Johor,0
G1179,Mukim Senai,Kulaijaya,Johor,19
G1180,Mukim Senai,Kulaijaya,Johor,288
G1181,Mukim Tebrau,Johor Bahru,Johor,58
G1182,Mukim Tebrau,Johor Bahru,Johor,0
G1183,Mukim Tebrau,Johor Bahru,Johor,0
G1184,Mukim Tebrau,Johor Bahru,Johor,0
G1185,Mukim Tebrau,Johor Bahru,Johor,0
G1186,Mukim Tebrau,Johor Bahru,Johor,0
G1187,Mukim Kota Tinggi,Kota Tinggi,Johor,0
G1188,Mukim Kota Tinggi,Kota Tinggi,Johor,0
G1189,Mukim Kota Tinggi,Kota Tinggi,Johor,0
G1190,Mukim Kota Tinggi,Kota Tinggi,Johor,0
G1191,Mukim Kota Tinggi,Kota Tinggi,Johor,32
G1192,Mukim Kota Tinggi,Kota Tinggi,Johor,0
G1193,Mukim Kota Tinggi,Kota Tinggi,Johor,1186
G1194,Mukim Kota Tinggi,Kota Tinggi,Johor,970
G1195,Mukim Kota Tinggi,Kota Tinggi,Johor,0
G1196,Mukim Kota Tinggi,Kota Tinggi,Johor,0
G1197,Mukim Kota Tinggi,Kota Tinggi,Johor,0
G1198,Mukim Kota Tinggi,Kota Tinggi,Johor,14
G1199,Mukim Kota Tinggi,Kota Tinggi,Johor,37
G1200,Mukim Kota Tinggi,Kota Tinggi,Johor,0
G1201,Mukim Kota Tinggi,Kota Tinggi,Johor,18
G1202,Mukim Kota Tinggi,Kota Tinggi,Johor,0
G1203,Mukim Kota Tinggi,Kota Tinggi,Johor,0
G1204,Mukim Kota Tinggi,Kota Tinggi,Johor,9
G1205,Mukim Kota Tinggi,Kota Tinggi,Johor,23
G1206,Mukim Kota Tinggi,Kota Tinggi,Johor,14
G1207,Mukim Kota Tinggi,Kota Tinggi,Johor,0
G1208,Mukim Kota Tinggi,Kota Tinggi,Johor,0
G1209,Mukim Senai,Kulaijaya,Johor,484
G1210,Mukim Senai,Kulaijaya,Johor,1655
G1211,Mukim Senai,Kulaijaya,Johor,4612
G1212,Mukim Senai,Kulaijaya,Johor,278
G1213,Mukim Senai,Kulaijaya,Johor,233
G1214,Mukim Senai,Kulaijaya,Johor,1364
G1215,Mukim Senai,Kulaijaya,Johor,259
G1216,Mukim Senai,Kulaijaya,Johor,566
G1217,Mukim Senai,Kulaijaya,Johor,1352
G1218,Mukim Senai,Kulaijaya,Johor,1189
G1219,Mukim Senai,Kulaijaya,Johor,86
G1220,Mukim Senai,Kulaijaya,Johor,1956
G1221,Mukim Senai,Kulaijaya,Johor,2436
G1222,Mukim Senai,Kulaijaya,Johor,633
G1223,Mukim Senai,Kulaijaya,Johor,144
G1224,Mukim Senai,Kulaijaya,Johor,0
G1225,Mukim Senai,Kulaijaya,Johor,0
G1226,Mukim Senai,Kulaijaya,Johor,48
G1227,Mukim Senai,Kulaijaya,Johor,0
G1228,Mukim Senai,Kulaijaya,Johor,182
G1229,Mukim Senai,Kulaijaya,Johor,173
G1230,Mukim Kota Tinggi,Kota Tinggi,Johor,0
G1231,Mukim Kota Tinggi,Kota Tinggi,Johor,5
G1232,Mukim Kota Tinggi,Kota Tinggi,Johor,14
G1233,Mukim Kota Tinggi,Kota Tinggi,Johor,0
G1234,Mukim Kota Tinggi,Kota Tinggi,Johor,676
G1235,Mukim Kota Tinggi,Kota Tinggi,Johor,262
G1236,Mukim Kota Tinggi,Kota Tinggi,Johor,0
G1237,Mukim Kota Tinggi,Kota Tinggi,Johor,0
G1238,Mukim Kota Tinggi,Kota Tinggi,Johor,0
G1239,Mukim Kota Tinggi,Kota Tinggi,Johor,14
G1240,Mukim Kota Tinggi,Kota Tinggi,Johor,0
G1241,Mukim Kota Tinggi,Kota Tinggi,Johor,0
G1242,Mukim Kota Tinggi,Kota Tinggi,Johor,9
G1243,Mukim Kota Tinggi,Kota Tinggi,Johor,0
G1244,Mukim Kota Tinggi,Kota Tinggi,Johor,0
G1245,Mukim Kota Tinggi,Kota Tinggi,Johor,0
G1246,Mukim Kota Tinggi,Kota Tinggi,Johor,0
G1247,Mukim Kota Tinggi,Kota Tinggi,Johor,0
G1248,Mukim Kota Tinggi,Kota Tinggi,Johor,0
G1249,Mukim Kota Tinggi,Kota Tinggi,Johor,0
G1250,Mukim Senai,Kulaijaya,Johor,125
G1251,Mukim Senai,Kulaijaya,Johor,307
G1252,Mukim Senai,Kulaijaya,Johor,105
G1253,Mukim Senai,Kulaijaya,Johor,1419
G1254,Mukim Senai,Kulaijaya,Johor,844
G1255,Mukim Senai,Kulaijaya,Johor,29
G1256,Mukim Senai,Kulaijaya,Johor,29
G1257,Mukim Senai,Kulaijaya,Johor,0
G1258,Mukim Senai,Kulaijaya,Johor,479
G1259,Mukim Senai,Kulaijaya,Johor,1563
G1260,Mukim Senai,Kulaijaya,Johor,86
G1261,Mukim Senai,Kulaijaya,Johor,0
G1262,Mukim Senai,Kulaijaya,Johor,0
G1263,Mukim Senai,Kulaijaya,Johor,0
G1264,Mukim Senai,Kulaijaya,Johor,0
G1265,Mukim Senai,Kulaijaya,Johor,19
G1266,Mukim Senai,Kulaijaya,Johor,0
G1267,Mukim Senai,Kulaijaya,Johor,48
G1268,Mukim Senai,Kulaijaya,Johor,10
G1269,Mukim Kota Tinggi,Kota Tinggi,Johor,0
G1270,Mukim Kota Tinggi,Kota Tinggi,Johor,0
G1271,Mukim Kota Tinggi,Kota Tinggi,Johor,51
G1272,Mukim Kota Tinggi,Kota Tinggi,Johor,156
G1273,Mukim Kota Tinggi,Kota Tinggi,Johor,244
G1274,Mukim Kota Tinggi,Kota Tinggi,Johor,0
G1275,Mukim Kota Tinggi,Kota Tinggi,Johor,0
G1276,Mukim Kota Tinggi,Kota Tinggi,Johor,5
G1277,Mukim Kota Tinggi,Kota Tinggi,Johor,0
G1278,Mukim Kota Tinggi,Kota Tinggi,Johor,0
G1279,Mukim Kota Tinggi,Kota Tinggi,Johor,0
G1280,Mukim Kota Tinggi,Kota Tinggi,Johor,0
G1281,Mukim Kota Tinggi,Kota Tinggi,Johor,0
G1282,Mukim Kota Tinggi,Kota Tinggi,Johor,0
G1283,Mukim Kota Tinggi,Kota Tinggi,Johor,0
G1284,Mukim Kota Tinggi,Kota Tinggi,Johor,0
G1285,Mukim Kota Tinggi,Kota Tinggi,Johor,0
G1286,Mukim Kota Tinggi,Kota Tinggi,Johor,0
G1287,Mukim Kota Tinggi,Kota Tinggi,Johor,5
G1288,Mukim Kota Tinggi,Kota Tinggi,Johor,0
G1289,Mukim Senai,Kulaijaya,Johor,0
G1290,Mukim Senai,Kulaijaya,Johor,0
G1291,Mukim Senai,Kulaijaya,Johor,67
G1292,Mukim Senai,Kulaijaya,Johor,288
G1293,Mukim Senai,Kulaijaya,Johor,901
G1294,Mukim Senai,Kulaijaya,Johor,0
G1295,Mukim Senai,Kulaijaya,Johor,0
G1296,Mukim Senai,Kulaijaya,Johor,10
G1297,Mukim Senai,Kulaijaya,Johor,0
G1298,Mukim Senai,Kulaijaya,Johor,19
G1299,Mukim Senai,Kulaijaya,Johor,825
G1300,Mukim Senai,Kulaijaya,Johor,86
G1301,Mukim Senai,Kulaijaya,Johor,0
G1302,Mukim Senai,Kulaijaya,Johor,0
G1303,Mukim Senai,Kulaijaya,Johor,0
G1304,Mukim Senai,Kulaijaya,Johor,58
G1305,Mukim Senai,Kulaijaya,Johor,0
G1306,Mukim Senai,Kulaijaya,Johor,0
G1307,Mukim Senai,Kulaijaya,Johor,0
G1308,Mukim Senai,Kulaijaya,Johor,0
G1309,Mukim Kota Tinggi,Kota Tinggi,Johor,0
G1310,Mukim Kota Tinggi,Kota Tinggi,Johor,0
G1311,Mukim Kota Tinggi,Kota Tinggi,Johor,0
G1312,Mukim Kota Tinggi,Kota Tinggi,Johor,418
G1313,Mukim Kota Tinggi,Kota Tinggi,Johor,106
G1314,Mukim Kota Tinggi,Kota Tinggi,Johor,0
G1315,Mukim Kota Tinggi,Kota Tinggi,Johor,18
G1316,Mukim Kota Tinggi,Kota Tinggi,Johor,216
G1317,Mukim Kota Tinggi,Kota Tinggi,Johor,0
G1318,Mukim Kota Tinggi,Kota Tinggi,Johor,5
G1319,Mukim Kota Tinggi,Kota Tinggi,Johor,0
G1320,Mukim Kota Tinggi,Kota Tinggi,Johor,5
G1321,Mukim Kota Tinggi,Kota Tinggi,Johor,23
G1322,Mukim Kota Tinggi,Kota Tinggi,Johor,69
G1323,Mukim Kota Tinggi,Kota Tinggi,Johor,0
G1324,Mukim Kota Tinggi,Kota Tinggi,Johor,0
G1325,Mukim Kota Tinggi,Kota Tinggi,Johor,0
G1326,Mukim Kota Tinggi,Kota Tinggi,Johor,0
G1327,Mukim Kota Tinggi,Kota Tinggi,Johor,0
G1328,Mukim Kota Tinggi,Kota Tinggi,Johor,0
G1329,Mukim Kota Tinggi,Kota Tinggi,Johor,0
G1330,Mukim Kota Tinggi,Kota Tinggi,Johor,0
G1331,Mukim Senai,Kulaijaya,Johor,0
G1332,Mukim Senai,Kulaijaya,Johor,96
G1333,Mukim Senai,Kulaijaya,Johor,58
G1334,Mukim Senai,Kulaijaya,Johor,29
G1335,Mukim Senai,Kulaijaya,Johor,0
G1336,Mukim Senai,Kulaijaya,Johor,0
G1337,Mukim Senai,Kulaijaya,Johor,38
G1338,Mukim Senai,Kulaijaya,Johor,0
G1339,Mukim Senai,Kulaijaya,Johor,0
G1340,Mukim Senai,Kulaijaya,Johor,297
G1341,Mukim Senai,Kulaijaya,Johor,527
G1342,Mukim Senai,Kulaijaya,Johor,0
G1343,Mukim Senai,Kulaijaya,Johor,0
G1344,Mukim Senai,Kulaijaya,Johor,0
G1345,Mukim Senai,Kulaijaya,Johor,19
G1346,Mukim Senai,Kulaijaya,Johor,29
G1347,Mukim Senai,Kulaijaya,Johor,0
G1348,Mukim Senai,Kulaijaya,Johor,0
G1349,Mukim Kota Tinggi,Kota Tinggi,Johor,0
G1350,Mukim Kota Tinggi,Kota Tinggi,Johor,0
G1351,Mukim Kota Tinggi,Kota Tinggi,Johor,0
G1352,Mukim Kota Tinggi,Kota Tinggi,Johor,0
G1353,Mukim Kota Tinggi,Kota Tinggi,Johor,0
G1354,Mukim Kota Tinggi,Kota Tinggi,Johor,0
G1355,Mukim Kota Tinggi,Kota Tinggi,Johor,896
G1356,Mukim Kota Tinggi,Kota Tinggi,Johor,193
G1357,Mukim Kota Tinggi,Kota Tinggi,Johor,0
G1358,Mukim Kota Tinggi,Kota Tinggi,Johor,0
G1359,Mukim Kota Tinggi,Kota Tinggi,Johor,74
G1360,Mukim Kota Tinggi,Kota Tinggi,Johor,69
G1361,Mukim Kota Tinggi,Kota Tinggi,Johor,9
G1362,Mukim Kota Tinggi,Kota Tinggi,Johor,0
G1363,Mukim Kota Tinggi,Kota Tinggi,Johor,18
G1364,Mukim Kota Tinggi,Kota Tinggi,Johor,331
G1365,Mukim Kota Tinggi,Kota Tinggi,Johor,5
G1366,Mukim Kota Tinggi,Kota Tinggi,Johor,404
G1367,Mukim Kota Tinggi,Kota Tinggi,Johor,1365
G1368,Mukim Kota Tinggi,Kota Tinggi,Johor,846
G1369,Mukim Kota Tinggi,Kota Tinggi,Johor,0
G1370,Mukim Kota Tinggi,Kota Tinggi,Johor,0
G1371,Mukim Kota Tinggi,Kota Tinggi,Johor,0
G1372,Mukim Kota Tinggi,Kota Tinggi,Johor,0
G1373,Mukim Senai,Kulaijaya,Johor,0
G1374,Mukim Senai,Kulaijaya,Johor,0
G1375,Mukim Senai,Kulaijaya,Johor,0
G1376,Mukim Senai,Kulaijaya,Johor,182
G1377,Mukim Senai,Kulaijaya,Johor,0
G1378,Mukim Senai,Kulaijaya,Johor,0
G1379,Mukim Senai,Kulaijaya,Johor,805
G1380,Mukim Senai,Kulaijaya,Johor,278
G1381,Mukim Senai,Kulaijaya,Johor,0
G1382,Mukim Senai,Kulaijaya,Johor,10
G1383,Mukim Senai,Kulaijaya,Johor,853
G1384,Mukim Senai,Kulaijaya,Johor,19
G1385,Mukim Senai,Kulaijaya,Johor,10
G1386,Mukim Senai,Kulaijaya,Johor,0
G1387,Mukim Senai,Kulaijaya,Johor,0
G1388,Mukim Senai,Kulaijaya,Johor,0
G1389,Mukim Senai,Kulaijaya,Johor,0
G1390,Mukim Kota Tinggi,Kota Tinggi,Johor,0
G1391,Mukim Kota Tinggi,Kota Tinggi,Johor,0
G1392,Mukim Kota Tinggi,Kota Tinggi,Johor,0
G1393,Mukim Kota Tinggi,Kota Tinggi,Johor,41
G1394,Mukim Kota Tinggi,Kota Tinggi,Johor,5
G1395,Mukim Kota Tinggi,Kota Tinggi,Johor,381
G1396,Mukim Kota Tinggi,Kota Tinggi,Johor,1016
G1397,Mukim Kota Tinggi,Kota Tinggi,Johor,184
G1398,Mukim Kota Tinggi,Kota Tinggi,Johor,0
G1399,Mukim Kota Tinggi,Kota Tinggi,Johor,28
G1400,Mukim Kota Tinggi,Kota Tinggi,Johor,51
G1401,Mukim Kota Tinggi,Kota Tinggi,Johor,5
G1402,Mukim Kota Tinggi,Kota Tinggi,Johor,18
G1403,Mukim Kota Tinggi,Kota Tinggi,Johor,0
G1404,Mukim Kota Tinggi,Kota Tinggi,Johor,1273
G1405,Mukim Kota Tinggi,Kota Tinggi,Johor,193
G1406,Mukim Kota Tinggi,Kota Tinggi,Johor,211
G1407,Mukim Kota Tinggi,Kota Tinggi,Johor,271
G1408,Mukim Kota Tinggi,Kota Tinggi,Johor,28
G1409,Mukim Kota Tinggi,Kota Tinggi,Johor,32
G1410,Mukim Kota Tinggi,Kota Tinggi,Johor,0
G1411,Mukim Kota Tinggi,Kota Tinggi,Johor,0
G1412,Mukim Kota Tinggi,Kota Tinggi,Johor,0
G1413,Mukim Senai,Kulaijaya,Johor,0
G1414,Mukim Senai,Kulaijaya,Johor,0
G1415,Mukim Senai,Kulaijaya,Johor,0
G1416,Mukim Senai,Kulaijaya,Johor,0
G1417,Mukim Senai,Kulaijaya,Johor,0
G1418,Mukim Senai,Kulaijaya,Johor,0
G1419,Mukim Senai,Kulaijaya,Johor,0
G1420,Mukim Senai,Kulaijaya,Johor,96
G1421,Mukim Senai,Kulaijaya,Johor,58
G1422,Mukim Senai,Kulaijaya,Johor,0
G1423,Mukim Senai,Kulaijaya,Johor,0
G1424,Mukim Senai,Kulaijaya,Johor,0
G1425,Mukim Senai,Kulaijaya,Johor,0
G1426,Mukim Senai,Kulaijaya,Johor,0
G1427,Mukim Kota Tinggi,Kota Tinggi,Johor,0
G1428,Mukim Kota Tinggi,Kota Tinggi,Johor,9
G1429,Mukim Kota Tinggi,Kota Tinggi,Johor,9
G1430,Mukim Kota Tinggi,Kota Tinggi,Johor,349
G1431,Mukim Kota Tinggi,Kota Tinggi,Johor,620
G1432,Mukim Kota Tinggi,Kota Tinggi,Johor,2537
G1433,Mukim Kota Tinggi,Kota Tinggi,Johor,1894
G1434,Mukim Kota Tinggi,Kota Tinggi,Johor,161
G1435,Mukim Kota Tinggi,Kota Tinggi,Johor,51
G1436,Mukim Kota Tinggi,Kota Tinggi,Johor,28
G1437,Mukim Kota Tinggi,Kota Tinggi,Johor,55
G1438,Mukim Kota Tinggi,Kota Tinggi,Johor,0
G1439,Mukim Kota Tinggi,Kota Tinggi,Johor,0
G1440,Mukim Kota Tinggi,Kota Tinggi,Johor,106
G1441,Mukim Kota Tinggi,Kota Tinggi,Johor,193
G1442,Mukim Kota Tinggi,Kota Tinggi,Johor,5
G1443,Mukim Kota Tinggi,Kota Tinggi,Johor,0
G1444,Mukim Kota Tinggi,Kota Tinggi,Johor,0
G1445,Mukim Kota Tinggi,Kota Tinggi,Johor,0
G1446,Mukim Kota Tinggi,Kota Tinggi,Johor,0
G1447,Mukim Kota Tinggi,Kota Tinggi,Johor,0
G1448,Mukim Kota Tinggi,Kota Tinggi,Johor,0
G1449,Mukim Senai,Kulaijaya,Johor,29
G1450,Mukim Senai,Kulaijaya,Johor,0
G1451,Mukim Senai,Kulaijaya,Johor,0
G1452,Mukim Senai,Kulaijaya,Johor,297
G1453,Mukim Senai,Kulaijaya,Johor,0
G1454,Mukim Senai,Kulaijaya,Johor,0
G1455,Mukim Senai,Kulaijaya,Johor,393
G1456,Mukim Senai,Kulaijaya,Johor,575
G1457,Mukim Senai,Kulaijaya,Johor,1918
G1458,Mukim Senai,Kulaijaya,Johor,1544
G1459,Mukim Senai,Kulaijaya,Johor,10
G1460,Mukim Senai,Kulaijaya,Johor,19
G1461,Mukim Senai,Kulaijaya,Johor,0
G1462,Mukim Kota Tinggi,Kota Tinggi,Johor,0
G1463,Mukim Kota Tinggi,Kota Tinggi,Johor,0
G1464,Mukim Kota Tinggi,Kota Tinggi,Johor,749
G1465,Mukim Kota Tinggi,Kota Tinggi,Johor,538
G1466,Mukim Kota Tinggi,Kota Tinggi,Johor,1402
G1467,Mukim Kota Tinggi,Kota Tinggi,Johor,1898
G1468,Mukim Kota Tinggi,Kota Tinggi,Johor,2270
G1469,Mukim Kota Tinggi,Kota Tinggi,Johor,602
G1470,Mukim Kota Tinggi,Kota Tinggi,Johor,133
G1471,Mukim Kota Tinggi,Kota Tinggi,Johor,0
G1472,Mukim Kota Tinggi,Kota Tinggi,Johor,0
G1473,Mukim Kota Tinggi,Kota Tinggi,Johor,0
G1474,Mukim Kota Tinggi,Kota Tinggi,Johor,0
G1475,Mukim Kota Tinggi,Kota Tinggi,Johor,14
G1476,Mukim Kota Tinggi,Kota Tinggi,Johor,18
G1477,Mukim Kota Tinggi,Kota Tinggi,Johor,0
G1478,Mukim Kota Tinggi,Kota Tinggi,Johor,0
G1479,Mukim Kota Tinggi,Kota Tinggi,Johor,0
G1480,Mukim Kota Tinggi,Kota Tinggi,Johor,0
G1481,Mukim Kota Tinggi,Kota Tinggi,Johor,0
G1482,Mukim Kota Tinggi,Kota Tinggi,Johor,0
G1483,Mukim Senai,Kulaijaya,Johor,0
G1484,Mukim Senai,Kulaijaya,Johor,0
G1485,Mukim Senai,Kulaijaya,Johor,0
G1486,Mukim Senai,Kulaijaya,Johor,0
G1487,Mukim Senai,Kulaijaya,Johor,0
G1488,Mukim Senai,Kulaijaya,Johor,0
G1489,Mukim Senai,Kulaijaya,Johor,719
G1490,Mukim Senai,Kulaijaya,Johor,4603
G1491,Mukim Senai,Kulaijaya,Johor,1889
G1492,Mukim Senai,Kulaijaya,Johor,0
G1493,Mukim Senai,Kulaijaya,Johor,0
G1494,Mukim Senai,Kulaijaya,Johor,0
G1495,Mukim Kota Tinggi,Kota Tinggi,Johor,0
G1496,Mukim Kota Tinggi,Kota Tinggi,Johor,0
G1497,Mukim Kota Tinggi,Kota Tinggi,Johor,202
G1498,Mukim Kota Tinggi,Kota Tinggi,Johor,2923
G1499,Mukim Kota Tinggi,Kota Tinggi,Johor,3507
G1500,Mukim Kota Tinggi,Kota Tinggi,Johor,2615
G1501,Mukim Kota Tinggi,Kota Tinggi,Johor,1250
G1502,Mukim Kota Tinggi,Kota Tinggi,Johor,83
G1503,Mukim Kota Tinggi,Kota Tinggi,Johor,0
G1504,Mukim Kota Tinggi,Kota Tinggi,Johor,9
G1505,Mukim Kota Tinggi,Kota Tinggi,Johor,0
G1506,Mukim Kota Tinggi,Kota Tinggi,Johor,0
G1507,Mukim Kota Tinggi,Kota Tinggi,Johor,28
G1508,Mukim Kota Tinggi,Kota Tinggi,Johor,106
G1509,Mukim Kota Tinggi,Kota Tinggi,Johor,0
G1510,Mukim Kota Tinggi,Kota Tinggi,Johor,0
G1511,Mukim Kota Tinggi,Kota Tinggi,Johor,0
G1512,Mukim Kota Tinggi,Kota Tinggi,Johor,0
G1513,Mukim Kota Tinggi,Kota Tinggi,Johor,0
G1514,Mukim Kota Tinggi,Kota Tinggi,Johor,0
G1515,Mukim Senai,Kulaijaya,Johor,0
G1516,Mukim Senai,Kulaijaya,Johor,0
G1517,Mukim Senai,Kulaijaya,Johor,0
G1518,Mukim Senai,Kulaijaya,Johor,0
G1519,Mukim Senai,Kulaijaya,Johor,0
G1520,Mukim Senai,Kulaijaya,Johor,19
G1521,Mukim Senai,Kulaijaya,Johor,0
G1522,Mukim Senai,Kulaijaya,Johor,10
G1523,Mukim Senai,Kulaijaya,Johor,0
G1524,Mukim Senai,Kulaijaya,Johor,0
G1525,Mukim Senai,Kulaijaya,Johor,0
G1526,Mukim Senai,Kulaijaya,Johor,0
G1527,Mukim Kota Tinggi,Kota Tinggi,Johor,0
G1528,Mukim Kota Tinggi,Kota Tinggi,Johor,0
G1529,Mukim Kota Tinggi,Kota Tinggi,Johor,46
G1530,Mukim Kota Tinggi,Kota Tinggi,Johor,469
G1531,Mukim Kota Tinggi,Kota Tinggi,Johor,1530
G1532,Mukim Kota Tinggi,Kota Tinggi,Johor,777
G1533,Mukim Kota Tinggi,Kota Tinggi,Johor,331
G1534,Mukim Kota Tinggi,Kota Tinggi,Johor,478
G1535,Mukim Kota Tinggi,Kota Tinggi,Johor,0
G1536,Mukim Kota Tinggi,Kota Tinggi,Johor,0
G1537,Mukim Kota Tinggi,Kota Tinggi,Johor,0
G1538,Mukim Kota Tinggi,Kota Tinggi,Johor,0
G1539,Mukim Kota Tinggi,Kota Tinggi,Johor,0
G1540,Mukim Kota Tinggi,Kota Tinggi,Johor,0
G1541,Mukim Kota Tinggi,Kota Tinggi,Johor,0
G1542,Mukim Kota Tinggi,Kota Tinggi,Johor,0
G1543,Mukim Kota Tinggi,Kota Tinggi,Johor,0
G1544,Mukim Kota Tinggi,Kota Tinggi,Johor,0
G1545,Mukim Kota Tinggi,Kota Tinggi,Johor,0
G1546,Mukim Senai,Kulaijaya,Johor,0
G1547,Mukim Senai,Kulaijaya,Johor,0
G1548,Mukim Senai,Kulaijaya,Johor,0
G1549,Mukim Senai,Kulaijaya,Johor,0
G1550,Mukim Senai,Kulaijaya,Johor,0
G1551,Mukim Senai,Kulaijaya,Johor,0
G1552,Mukim Senai,Kulaijaya,Johor,0
G1553,Mukim Senai,Kulaijaya,Johor,0
G1554,Mukim Senai,Kulaijaya,Johor,0
G1555,Mukim Kota Tinggi,Kota Tinggi,Johor,0
G1556,Mukim Kota Tinggi,Kota Tinggi,Johor,0
G1557,Mukim Kota Tinggi,Kota Tinggi,Johor,14
G1558,Mukim Kota Tinggi,Kota Tinggi,Johor,377
G1559,Mukim Kota Tinggi,Kota Tinggi,Johor,211
G1560,Mukim Kota Tinggi,Kota Tinggi,Johor,55
G1561,Mukim Kota Tinggi,Kota Tinggi,Johor,0
G1562,Mukim Kota Tinggi,Kota Tinggi,Johor,5
G1563,Mukim Kota Tinggi,Kota Tinggi,Johor,9
G1564,Mukim Kota Tinggi,Kota Tinggi,Johor,0
G1565,Mukim Kota Tinggi,Kota Tinggi,Johor,0
G1566,Mukim Kota Tinggi,Kota Tinggi,Johor,0
G1567,Mukim Kota Tinggi,Kota Tinggi,Johor,0
G1568,Mukim Kota Tinggi,Kota Tinggi,Johor,0
G1569,Mukim Kota Tinggi,Kota Tinggi,Johor,0
G1570,Mukim Kota Tinggi,Kota Tinggi,Johor,0
G1571,Mukim Kota Tinggi,Kota Tinggi,Johor,0
G1572,Mukim Kota Tinggi,Kota Tinggi,Johor,0
G1573,Mukim Kota Tinggi,Kota Tinggi,Johor,0
G1574,Mukim Senai,Kulaijaya,Johor,0
G1575,Mukim Senai,Kulaijaya,Johor,0
G1576,Mukim Kota Tinggi,Kota Tinggi,Johor,0
G1577,Mukim Kota Tinggi,Kota Tinggi,Johor,0
G1578,Mukim Kota Tinggi,Kota Tinggi,Johor,87
G1579,Mukim Kota Tinggi,Kota Tinggi,Johor,101
G1580,Mukim Kota Tinggi,Kota Tinggi,Johor,18
G1581,Mukim Kota Tinggi,Kota Tinggi,Johor,46
G1582,Mukim Kota Tinggi,Kota Tinggi,Johor,290
G1583,Mukim Kota Tinggi,Kota Tinggi,Johor,64
G1584,Mukim Kota Tinggi,Kota Tinggi,Johor,46
G1585,Mukim Kota Tinggi,Kota Tinggi,Johor,23
G1586,Mukim Kota Tinggi,Kota Tinggi,Johor,0
G1587,Mukim Kota Tinggi,Kota Tinggi,Johor,0
G1588,Mukim Kota Tinggi,Kota Tinggi,Johor,0
G1589,Mukim Kota Tinggi,Kota Tinggi,Johor,0
G1590,Mukim Kota Tinggi,Kota Tinggi,Johor,9
G1591,Mukim Kota Tinggi,Kota Tinggi,Johor,0
G1592,Mukim Kota Tinggi,Kota Tinggi,Johor,0
G1593,Mukim Kota Tinggi,Kota Tinggi,Johor,0
G1594,Mukim Kota Tinggi,Kota Tinggi,Johor,0
G1595,Mukim Kota Tinggi,Kota Tinggi,Johor,30
G1596,Mukim Kota Tinggi,Kota Tinggi,Johor,221
G1597,Mukim Kota Tinggi,Kota Tinggi,Johor,9
G1598,Mukim Kota Tinggi,Kota Tinggi,Johor,133
G1599,Mukim Kota Tinggi,Kota Tinggi,Johor,414
G1600,Mukim Kota Tinggi,Kota Tinggi,Johor,14
G1601,Mukim Kota Tinggi,Kota Tinggi,Johor,0
G1602,Mukim Kota Tinggi,Kota Tinggi,Johor,0
G1603,Mukim Kota Tinggi,Kota Tinggi,Johor,92
G1604,Mukim Kota Tinggi,Kota Tinggi,Johor,221
G1605,Mukim Kota Tinggi,Kota Tinggi,Johor,46
G1606,Mukim Kota Tinggi,Kota Tinggi,Johor,0
G1607,Mukim Kota Tinggi,Kota Tinggi,Johor,14
G1608,Mukim Kota Tinggi,Kota Tinggi,Johor,0
G1609,Mukim Kota Tinggi,Kota Tinggi,Johor,0
G1610,Mukim Kota Tinggi,Kota Tinggi,Johor,0
G1611,Mukim Kota Tinggi,Kota Tinggi,Johor,0
G1612,Mukim Kota Tinggi,Kota Tinggi,Johor,0
G1613,Mukim Kota Tinggi,Kota Tinggi,Johor,248
G1614,Mukim Kota Tinggi,Kota Tinggi,Johor,32
G1615,Mukim Kota Tinggi,Kota Tinggi,Johor,137
G1616,Mukim Kota Tinggi,Kota Tinggi,Johor,32
G1617,Mukim Kota Tinggi,Kota Tinggi,Johor,55
G1618,Mukim Kota Tinggi,Kota Tinggi,Johor,129
G1619,Mukim Kota Tinggi,Kota Tinggi,Johor,689
G1620,Mukim Kota Tinggi,Kota Tinggi,Johor,303
G1621,Mukim Kota Tinggi,Kota Tinggi,Johor,14
G1622,Mukim Kota Tinggi,Kota Tinggi,Johor,202
G1623,Mukim Kota Tinggi,Kota Tinggi,Johor,55
G1624,Mukim Kota Tinggi,Kota Tinggi,Johor,110
G1625,Mukim Kota Tinggi,Kota Tinggi,Johor,46
G1626,Mukim Kota Tinggi,Kota Tinggi,Johor,106
G1627,Mukim Kota Tinggi,Kota Tinggi,Johor,5
G1628,Mukim Kota Tinggi,Kota Tinggi,Johor,0
G1629,Mukim Kota Tinggi,Kota Tinggi,Johor,0
G1630,Mukim Kota Tinggi,Kota Tinggi,Johor,0
G1631,Mukim Kota Tinggi,Kota Tinggi,Johor,0
G1632,Mukim Kota Tinggi,Kota Tinggi,Johor,0
G1633,Mukim Kota Tinggi,Kota Tinggi,Johor,0
G1634,Mukim Kota Tinggi,Kota Tinggi,Johor,0
G1635,Mukim Kota Tinggi,Kota Tinggi,Johor,9
G1636,Mukim Kota Tinggi,Kota Tinggi,Johor,28
G1637,Mukim Kota Tinggi,Kota Tinggi,Johor,689
G1638,Mukim Kota Tinggi,Kota Tinggi,Johor,538
G1639,Mukim Kota Tinggi,Kota Tinggi,Johor,1030
G1640,Mukim Kota Tinggi,Kota Tinggi,Johor,271
G1641,Mukim Kota Tinggi,Kota Tinggi,Johor,910
G1642,Mukim Kota Tinggi,Kota Tinggi,Johor,152
G1643,Mukim Kota Tinggi,Kota Tinggi,Johor,5
G1644,Mukim Kota Tinggi,Kota Tinggi,Johor,0
G1645,Mukim Kota Tinggi,Kota Tinggi,Johor,0
G1646,Mukim Kota Tinggi,Kota Tinggi,Johor,0
G1647,Mukim Kota Tinggi,Kota Tinggi,Johor,0
G1648,Mukim Kota Tinggi,Kota Tinggi,Johor,0
G1649,Mukim Kota Tinggi,Kota Tinggi,Johor,0
G1650,Mukim Kota Tinggi,Kota Tinggi,Johor,0
G1651,Mukim Kota Tinggi,Kota Tinggi,Johor,46
G1652,Mukim Kota Tinggi,Kota Tinggi,Johor,14
G1653,Mukim Kota Tinggi,Kota Tinggi,Johor,188
G1654,Mukim Kota Tinggi,Kota Tinggi,Johor,198
G1655,Mukim Kota Tinggi,Kota Tinggi,Johor,593
G1656,Mukim Kota Tinggi,Kota Tinggi,Johor,924
G1657,Mukim Kota Tinggi,Kota Tinggi,Johor,855
G1658,Mukim Kota Tinggi,Kota Tinggi,Johor,0
G1659,Mukim Kota Tinggi,Kota Tinggi,Johor,0
G1660,Mukim Kota Tinggi,Kota Tinggi,Johor,0
G1661,Mukim Kota Tinggi,Kota Tinggi,Johor,0
G1662,Mukim Kota Tinggi,Kota Tinggi,Johor,0
G1663,Mukim Kota Tinggi,Kota Tinggi,Johor,0
G1664,Mukim Kota Tinggi,Kota Tinggi,Johor,9
G1665,Mukim Kota Tinggi,Kota Tinggi,Johor,221
G1666,Mukim Kota Tinggi,Kota Tinggi,Johor,0
G1667,Mukim Kota Tinggi,Kota Tinggi,Johor,0
G1668,Mukim Kota Tinggi,Kota Tinggi,Johor,69
G1669,Mukim Kota Tinggi,Kota Tinggi,Johor,78
G1670,Mukim Kota Tinggi,Kota Tinggi,Johor,46
G1671,Mukim Kota Tinggi,Kota Tinggi,Johor,37
G1672,Mukim Kota Tinggi,Kota Tinggi,Johor,0
G1673,Mukim Kota Tinggi,Kota Tinggi,Johor,0
G1674,Mukim Kota Tinggi,Kota Tinggi,Johor,0
G1675,Mukim Kota Tinggi,Kota Tinggi,Johor,0
G1676,Mukim Kota Tinggi,Kota Tinggi,Johor,14
G1677,Mukim Kota Tinggi,Kota Tinggi,Johor,5
G1678,Mukim Kota Tinggi,Kota Tinggi,Johor,0
G1679,Mukim Kota Tinggi,Kota Tinggi,Johor,0
G1680,Mukim Kota Tinggi,Kota Tinggi,Johor,0
G1681,Mukim Kota Tinggi,Kota Tinggi,Johor,9
G1682,Mukim Kota Tinggi,Kota Tinggi,Johor,0
G1683,Mukim Kota Tinggi,Kota Tinggi,Johor,0
G1684,Mukim Kota Tinggi,Kota Tinggi,Johor,0
G1685,Mukim Kota Tinggi,Kota Tinggi,Johor,0
G1686,Mukim Kota Tinggi,Kota Tinggi,Johor,0
G1687,Mukim Kota Tinggi,Kota Tinggi,Johor,0
G1688,Mukim Kota Tinggi,Kota Tinggi,Johor,0
G1689,Mukim Kota Tinggi,Kota Tinggi,Johor,225
G1690,Mukim Kota Tinggi,Kota Tinggi,Johor,14
G1691,Mukim Kota Tinggi,Kota Tinggi,Johor,0
G1692,Mukim Kota Tinggi,Kota Tinggi,Johor,0
G1693,Mukim Kota Tinggi,Kota Tinggi,Johor,0
G1694,Mukim Kota Tinggi,Kota Tinggi,Johor,0
G1695,Mukim Kota Tinggi,Kota Tinggi,Johor,0
G1696,Mukim Kota Tinggi,Kota Tinggi,Johor,0
G1697,Mukim Kota Tinggi,Kota Tinggi,Johor,0
G1698,Mukim Kota Tinggi,Kota Tinggi,Johor,0
G1699,Mukim Kota Tinggi,Kota Tinggi,Johor,0
G1700,Mukim Kota Tinggi,Kota Tinggi,Johor,0
G1701,Mukim Kota Tinggi,Kota Tinggi,Johor,119
G1702,Mukim Kota Tinggi,Kota Tinggi,Johor,0
G1703,Mukim Kota Tinggi,Kota Tinggi,Johor,0
G1704,Mukim Kota Tinggi,Kota Tinggi,Johor,0
G1705,Mukim Kota Tinggi,Kota Tinggi,Johor,0
G1706,Mukim Kota Tinggi,Kota Tinggi,Johor,0
G1707,Mukim Kota Tinggi,Kota Tinggi,Johor,0
G1708,Mukim Kota Tinggi,Kota Tinggi,Johor,0
G1709,Mukim Kota Tinggi,Kota Tinggi,Johor,0
G1710,Mukim Kota Tinggi,Kota Tinggi,Johor,0
G1711,Mukim Kota Tinggi,Kota Tinggi,Johor,0
G1712,Mukim Kota Tinggi,Kota Tinggi,Johor,0
