mukim,district,state,population
15 MILE(SIMANGGANG ROAD) TOWN DISTRICT,Serian,Sarawak,609
17.5 MILE(SIMANGGANG ROAD) TOWN DISTRICT,Serian,Sarawak,16
19 MILE(SIMANGGANG ROAD) TOWN DISTRICT,Serian,Sarawak,52
24 MILE(SIMANGGANG ROAD) TOWN DISTRICT,Serian,Sarawak,47
29th MILE(SIMANGGANG ROAD) TOWN DISTRICT,Serian,Sarawak,136
32nd MILE(SIMANGGANG ROAD) TOWN DISTRICT,Serian,Sarawak,267
8 MILE(MATANG ROAD) TOWN,Kuching,Sarawak,94
AI ENGKARI LAND DISTRICT,Lubok Antu,Sarawak,1481
AKAH LAND DISTRICT,Telang Usan,Sarawak,1816
ANAP LAND DISTRICT,Tatau,Sarawak,4699
ANGKUAH LAND DISTRICT,Song,Sarawak,1793
APOH LAND DISTRICT,Marudi,Sarawak,1522
ARIP LAND DISTRICT,Selangau,Sarawak,348
ASSAN LAND DISTRICT,Sibu,Sarawak,15083
AWIK-KRIAN LAND DISTRICT,Saratok,Sarawak,18810
BA'KELALAN LAND DISTRICT,Lawas,Sarawak,2092
BAKO TOWN DISTRICT,Kuching,Sarawak,325
BAKONG LAND DISTRICT,Beluru,Sarawak,3665
BAKONG LAND DISTRICT,Subis,Sarawak,0
BAKONG TOWN DISTRICT,Sri Aman,Sarawak,22
BALAI RINGIN TOWN DISTRICT,Serian,Sarawak,133
BALINGIAN LAND DISTRICT,Mukah,Sarawak,6034
BALUI LAND DISTRICT,Belaga,Sarawak,2269
BANDAR,Labuan,Labuan,9750
BANDAR ALOR GAJAH,Alor Gajah,Malacca,1759
BANDAR ALOR MERAH,Kota Setar,Kedah,10219
BANDAR ALOR SETAR,Kota Setar,Kedah,204334
BANDAR AMAN JAYA,Kuala Muda,Kedah,43086
BANDAR AMPANG,Ulu Langat,Selangor,383800
BANDAR ANAK BUKIT,Kota Setar,Kedah,18381
BANDAR ARAU,Perlis,Perlis,398
BANDAR AYER ITAM,Timur Laut,Penang,20472
BANDAR BACHOK,Bachok,Kelantan,934
BANDAR BAGAN SERAI,Kerian,Perak,754
BANDAR BAHARU ROMPIN,Rompin,Pahang,181
BANDAR BAHAU,Jempol,Negeri Sembilan,5555
BANDAR BALAKONG,Ulu Langat,Selangor,4388
BANDAR BALIK PULAU,Barat Daya,Penang,300
BANDAR BALING,Baling,Kedah,7183
BANDAR BANDAR BAHARU,Bandar Baharu,Kedah,8239
BANDAR BANDAR BAHARU SUNGAI BESI,Kuala Lumpur,Kuala Lumpur,2675
BANDAR BANDAR DARULAMAN,Kubang Pasu,Kedah,26551
BANDAR BANDAR MAHARANI,Muar,Johor,43216
BANDAR BANDAR PENGGARAM,Batu Pahat,Johor,16358
BANDAR BANDAR SERI ISKANDAR,Perak Tengah,Perak,12203
BANDAR BANTING,Kuala Langat,Selangor,8584
BANDAR BARU BANGI,Ulu Langat,Selangor,89042
BANDAR BARU ENSTEK,Seremban,Negeri Sembilan,15553
BANDAR BARU KOTA SRI MAS,Seremban,Negeri Sembilan,4236
BANDAR BARU KUBANG KERIAN,Kota Bharu,Kelantan,2544
BANDAR BARU SALAK TINGGI,Sepang,Selangor,18222
BANDAR BATANG KALI,Ulu Selangor,Selangor,9779
"BANDAR BATU 18, SEMENYIH",Ulu Langat,Selangor,16595
"BANDAR BATU 26, BERANANG",Ulu Langat,Selangor,4092
"BANDAR BATU 9, CHERAS",Ulu Langat,Selangor,12646
BANDAR BATU ANAM,Segamat,Johor,2581
BANDAR BATU ARANG,Gombak,Selangor,16995
BANDAR BATU FERRINGGI,Timur Laut,Penang,10889
BANDAR BATU GAJAH,Kinta,Perak,2125
BANDAR BAYAN LEPAS,Barat Daya,Penang,159
BANDAR BEDONG,Kuala Muda,Kedah,12537
BANDAR BENTA,Lipis,Pahang,1430
BANDAR BENTONG,Bentong,Pahang,13372
BANDAR BENUT,Pontian,Johor,1530
BANDAR BIDOR,Batang Padang,Perak,580
BANDAR BUKIT BARU,Melaka Tengah,Malacca,19186
BANDAR BUKIT BENDERA,Timur Laut,Penang,2983
BANDAR BUKIT KANGKAR,Ledang,Johor,404
BANDAR BUKIT KAYU HITAM,Kubang Pasu,Kedah,6604
BANDAR BUKIT KEPONG,Muar,Johor,59
BANDAR BUKIT MERTAJAM,Seberang Perai Tengah,Penang,15725
BANDAR BUKIT PINANG,Kota Setar,Kedah,5886
BANDAR BUTTERWORTH,Seberang Perai Utara,Penang,76630
BANDAR CHANGLUN,Kubang Pasu,Kedah,13888
BANDAR CHEMOR,Kinta,Perak,2663
BANDAR CHENDERIANG,Batang Padang,Perak,190
BANDAR CHERAS,Ulu Langat,Selangor,86611
BANDAR COUNTRY HEIGHT,Ulu Langat,Selangor,18633
BANDAR CUKAI,Kemaman,Terengganu,1084
BANDAR CYBERJAYA,Sepang,Selangor,39088
BANDAR DAMANSARA,Petaling,Selangor,15604
BANDAR DUNGUN,Dungun,Terengganu,411
BANDAR ENDAU,Rompin,Pahang,1049
BANDAR GAMBANG,Kuantan,Pahang,1817
BANDAR GEMAS,Tampin,Negeri Sembilan,10477
BANDAR GEORGE TOWN,Timur Laut,Penang,208369
BANDAR GERIK,Hulu Perak,Perak,2430
BANDAR GLENMARIE,Petaling,Selangor,34300
BANDAR GLUGOR,Timur Laut,Penang,43981
BANDAR GOMBAK SETIA,Gombak,Selangor,350
BANDAR GOMBAK SETIA,Kuala Lumpur,Selangor,10545
BANDAR GOPENG,Kampar,Perak,1131
BANDAR GUA MUSANG,Gua Musang,Kelantan,14180
BANDAR GUAR CHEMPEDAK,Yan,Kedah,7365
BANDAR GURUN,Kuala Muda,Kedah,32662
BANDAR IPOH (S),Kinta,Perak,73865
BANDAR IPOH (U),Kinta,Perak,42831
BANDAR JELAPANG,Kinta,Perak,29
BANDAR JELUTONG,Timur Laut,Penang,45081
BANDAR JENJAROM,Kuala Langat,Selangor,4281
BANDAR JERANTUT,Jerantut,Pahang,3972
BANDAR JITRA,Kubang Pasu,Kedah,28843
BANDAR JOHOR BAHRU,Johor Bahru,Johor,182143
BANDAR KAJANG,Ulu Langat,Selangor,99851
BANDAR KALUMPANG,Ulu Selangor,Selangor,819
BANDAR KAMPAR,Kampar,Perak,3704
BANDAR KAMUNTING,Larut dan Matang,Perak,2637
BANDAR KANGAR,Perlis,Perlis,2477
BANDAR KARAK,Bentong,Pahang,109
BANDAR KELIAN INTAN,Hulu Perak,Perak,101
BANDAR KEPALA BATAS,Kubang Pasu,Kedah,8301
BANDAR KEPALA BATAS,Seberang Perai Utara,Penang,638
BANDAR KEPONG,Gombak,Selangor,41675
BANDAR KLANG,Klang,Selangor,94034
BANDAR KODIANG,Kubang Pasu,Kedah,3679
BANDAR KOTA BHARU,Kota Bharu,Kelantan,50043
BANDAR KUAH,Langkawi,Kedah,43718
BANDAR KUAH,Langkawi,,0
BANDAR KUAH,,Kedah,0
BANDAR KUAH,,,22
BANDAR KUALA KANGSAR,Kuala Kangsar,Perak,923
BANDAR KUALA KEDAH,Kota Setar,Kedah,39471
BANDAR KUALA KETIL,Baling,Kedah,10883
BANDAR KUALA KLAWANG,Jelebu,Negeri Sembilan,852
BANDAR KUALA KRAI,Kuala Krai,Kelantan,8880
BANDAR KUALA KUBU BAHARU,Ulu Selangor,Selangor,14620
BANDAR KUALA KURAU,Kerian,Perak,262
BANDAR KUALA LIPIS,Lipis,Pahang,14834
BANDAR KUALA LUMPUR,Kuala Lumpur,Kuala Lumpur,289857
BANDAR KUALA NERANG,Padang Terap,Kedah,5671
BANDAR KUALA PILAH,Kuala Pilah,Negeri Sembilan,2624
BANDAR KUALA SELANGOR,Kuala Selangor,Selangor,16167
BANDAR KUALA SEPETANG,Larut dan Matang,Perak,1031
BANDAR KUALA TERENGGANU,Kuala Terengganu,Terengganu,12579
BANDAR KUANG,Gombak,Selangor,1854
BANDAR KUANTAN,Kuantan,Pahang,84996
BANDAR KULAI,Kulaijaya,Johor,15302
BANDAR KULIM,Kulim,Kedah,201346
BANDAR KUNDANG,Gombak,Selangor,38312
BANDAR KUPANG,Baling,Kedah,4176
BANDAR LAHAT,Kinta,Perak,396
BANDAR LANGGAR,Kota Setar,Kedah,4917
BANDAR LAPANGAN TERBANG ANTARABANGSA SEPANG,Sepang,Selangor,12856
BANDAR LAWIN,Hulu Perak,Perak,69
BANDAR LENGGONG,Hulu Perak,Perak,247
BANDAR LUMUT,Manjung,Perak,1784
BANDAR LUNAS,Kulim,Kedah,54678
BANDAR MACHANG,Machang,Kelantan,3777
BANDAR MANTIN UTAMA,Seremban,Negeri Sembilan,2855
BANDAR MARAN,Maran,Pahang,1088
BANDAR MASJID TANAH,Alor Gajah,Malacca,1304
BANDAR MATANG,Larut dan Matang,Perak,859
BANDAR MELAKA,Melaka Tengah,Malacca,76709
BANDAR MELAKA,,Malacca,0
BANDAR MENGLEMBU,Kinta,Perak,1072
BANDAR MENTAKAB,Temerloh,Pahang,9258
BANDAR MERBOK,Kuala Muda,Kedah,9233
BANDAR MERLIMAU,Jasin,Malacca,788
BANDAR MERSING,Mersing,Johor,0
BANDAR MUADZAM SHAH I,Pekan,Pahang,2630
BANDAR MUADZAM SHAH II,Rompin,Pahang,393
BANDAR NIBONG TEBAL,Seberang Perai Selatan,Penang,2305
BANDAR NILAI UTAMA,Seremban,Negeri Sembilan,30670
BANDAR PADANG LALANG,Langkawi,Kedah,8411
BANDAR PADANG LALANG,,,0
BANDAR PADANG MAT SIRAT,Langkawi,Kedah,23389
BANDAR PADANG MAT SIRAT,Langkawi,,0
BANDAR PADANG MAT SIRAT,,,0
BANDAR PADANG SERA,Kubang Pasu,Kedah,1312
BANDAR PADANG SERAI,Kulim,Kedah,33675
BANDAR PADANG TENGKU,Lipis,Pahang,17
BANDAR PAPAN,Kinta,Perak,219
BANDAR PARIT BUNGA,Muar,Johor,881
BANDAR PARIT BUNTAR,Kerian,Perak,1059
BANDAR PASIR MAS,Pasir Mas,Kelantan,9172
BANDAR PASIR PUTEH,Pasir Puteh,Kelantan,2307
BANDAR PEKAN,Pekan,Pahang,1243
BANDAR PENDANG,Pendang,Kedah,10514
BANDAR PENGKALAN HULU,Hulu Perak,Perak,299
BANDAR PETALING JAYA,Petaling,Selangor,289918
BANDAR PETALING JAYA SELATAN,Petaling,Selangor,34404
BANDAR POKOK SENA,Pokok Sena,Kedah,14015
BANDAR PONTIAN,Rompin,Pahang,25
BANDAR PONTIAN KECHIL,Pontian,Johor,1760
BANDAR PORT DICKSON,Port Dickson,Negeri Sembilan,7259
BANDAR PORT SWETTENHAM,Klang,Selangor,27909
BANDAR PRAI,Seberang Perai Tengah,Penang,15944
BANDAR PULAU SEBANG,Alor Gajah,Malacca,1782
BANDAR PUSING,Kinta,Perak,615
BANDAR PUTRAJAYA,Sepang,Putrajaya,1035
BANDAR RASA,Ulu Selangor,Selangor,2394
BANDAR RAUB,Raub,Pahang,2248
BANDAR RAWANG,Gombak,Selangor,59242
BANDAR REMBAU,Rembau,Negeri Sembilan,1482
BANDAR ROMPIN I,Rompin,Pahang,2755
BANDAR ROMPIN II,Rompin,Pahang,267
BANDAR ROMPIN III,Rompin,Pahang,117
BANDAR ROMPIN IV,Rompin,Pahang,171
BANDAR SAUJANA,Petaling,Selangor,7283
BANDAR SEGAMAT,Segamat,Johor,2782
BANDAR SELAMA,Selama,Perak,370
BANDAR SELAYANG,Gombak,Selangor,234186
BANDAR SEMELING,Kuala Muda,Kedah,12135
BANDAR SEMENYIH,Ulu Langat,Selangor,9403
BANDAR SENGGARANG,Batu Pahat,Johor,1169
BANDAR SEPANG,Sepang,Selangor,1354
BANDAR SEPUTEH,Kinta,Perak,182
BANDAR SERDANG,Bandar Baharu,Kedah,5111
BANDAR SEREMBAN,Seremban,Negeri Sembilan,73050
BANDAR SEREMBAN 3,Seremban,Negeri Sembilan,4163
BANDAR SEREMBAN UTAMA,Seremban,Negeri Sembilan,42869
BANDAR SERENDAH,Ulu Selangor,Selangor,78365
BANDAR SERI JEMPOL,Jempol,Negeri Sembilan,463
BANDAR SEROM,Ledang,Johor,358
BANDAR SERTING,Jempol,Negeri Sembilan,2846
BANDAR SHAH ALAM,Petaling,Selangor,222673
BANDAR SIJANGKANG,Kuala Langat,Selangor,2674
BANDAR SIK,Sik,Kedah,7021
BANDAR SIMPANG EMPAT,Kota Setar,Kedah,8008
BANDAR SRI DAMANSARA,Petaling,Selangor,31369
BANDAR SRI SENDAYAN,Seremban,Negeri Sembilan,33987
BANDAR SUBANG JAYA,Petaling,Selangor,44900
BANDAR SULTAN SULAIMAN,Klang,Selangor,20467
BANDAR SUNGAI BAKAP,Seberang Perai Selatan,Penang,408
BANDAR SUNGAI BULOH,Gombak,Selangor,49516
BANDAR SUNGAI CHIK,Ulu Selangor,Selangor,3401
BANDAR SUNGAI LALANG,Kuala Muda,Kedah,23520
BANDAR SUNGAI MATI,Ledang,Johor,757
BANDAR SUNGAI MERAB,Sepang,Selangor,1981
BANDAR SUNGAI PETANI,Kuala Muda,Kedah,281590
BANDAR SUNGAI PUSU,Gombak,Selangor,16103
BANDAR SUNGAI RAYA,Kinta,Perak,90
BANDAR SUNGAI SIPUT,Kuala Kangsar,Perak,700
BANDAR SUNGKAI,Batang Padang,Perak,1028
BANDAR SUNWAY,Petaling,Selangor,38781
BANDAR TAIPING,Larut dan Matang,Perak,11310
BANDAR TAMBUN,Kinta,Perak,1119
BANDAR TAMPIN,Tampin,Negeri Sembilan,1961
BANDAR TANAH MERAH,Tanah Merah,Kelantan,1167
BANDAR TANAH RATA,Cameron Highlands,Pahang,2031
BANDAR TANGKAK,Ledang,Johor,1227
BANDAR TANJONG BUNGAH,Timur Laut,Penang,18144
BANDAR TANJONG BUNGAH,,,9
BANDAR TANJONG KARANG,Kuala Selangor,Selangor,2516
BANDAR TANJONG MALIM,Ulu Selangor,Perak,1102
BANDAR TANJONG PINANG,Timur Laut,Penang,6242
BANDAR TANJONG RAMBUTAN,Kinta,Perak,1766
BANDAR TANJONG SEPAT,Kuala Langat,Selangor,2207
BANDAR TANJONG TOKONG,Timur Laut,Penang,13020
BANDAR TAPAH,Batang Padang,Perak,2182
BANDAR TELOK PANGLIMA GARANG,Kuala Langat,Selangor,5400
BANDAR TELUK INTAN,Hilir Perak,Perak,13631
BANDAR TELUK KEMANG,Port Dickson,Negeri Sembilan,10234
BANDAR TEMERLOH,Temerloh,Pahang,7469
BANDAR TEMOH,Batang Padang,Perak,229
BANDAR TERAS,Raub,Pahang,97
BANDAR TERONOH,Kinta,Perak,727
BANDAR TIKAM BATU,Kuala Muda,Kedah,10921
BANDAR TIOMAN,Rompin,Johor,226
BANDAR TRIANG,Bera,Pahang,3731
BANDAR TUMPAT,Tumpat,Kelantan,3256
BANDAR TUNJANG,Kubang Pasu,Kedah,2873
BANDAR ULU BERNAM I,Ulu Selangor,Selangor,1611
BANDAR ULU BERNAM II,Ulu Selangor,Selangor,475
BANDAR ULU KELANG,Gombak,Selangor,158665
BANDAR ULU LANGAT,Ulu Langat,Selangor,579
BANDAR ULU YAM,Ulu Selangor,Selangor,1176
BANDAR ULU YAM BAHARU,Ulu Selangor,Selangor,1084
BANDAR YAN,Yan,Kedah,12053
BANGKIT LAND DISTRICT,Song,Sarawak,3466
BANING LAND DISTRICT,Bukit Mabong,Sarawak,1728
BANTING TOWN DISTRICT,Sri Aman,Sarawak,257
BAOH LAND DISTRICT,Dalat,Sarawak,428
BAREO LAND DISTRICT,Miri,Sarawak,2911
BATU API LAND DISTRICT,Betong,Sarawak,9659
BATU DANAU TOWN DISTRICT,Limbang,Sarawak,51
BATU KAPAL LAND DISTRICT,Sebauh,Sarawak,2458
BATU KAWA TOWN DISTRICT,Kuching,Sarawak,457
BATU LAGA LAND DISTRICT,Belaga,Sarawak,2272
BATU LAWI LAND DISTRICT,Limbang,Sarawak,192
BATU LINTANG TOWN DISTRICT,Sri Aman,Sarawak,54
BATU NIAH TOWN DISTRICT,Subis,Sarawak,161
BAU TOWN DISTRICT,Bau,Sarawak,1012
BAWAN LAND DISTRICT,Mukah,Sarawak,2541
BEKENU TOWN DISTRICT,Subis,Sarawak,291
BELADIN TOWN DISTRICT,Pusa,Sarawak,210
BELAWAI TOWN DISTRICT,Tanjung Manis,Sarawak,631
BELURU TOWN DISTRICT,Beluru,Sarawak,124
BERATOK TOWN DISTRICT,Serian,Sarawak,2462
BETONG TOWN DISTRICT,Betong,Sarawak,3168
BIJAT LAND DISTRICT,Sri Aman,Sarawak,7818
BINATANG TOWN DISTRICT,Maradong,Sarawak,1760
BINIO LAND DISTRICT,Sebauh,Sarawak,1476
BINTULU TOWN DISTRICT,Bintulu,Sarawak,11787
BOK LAND DISTRICT,Beluru,Sarawak,2854
BRUIT LAND DISTRICT,Daro,Sarawak,12252
BUAN LAND DISTRICT,Tanjung Manis,Sarawak,4952
BUAN LAND DISTRICT,Tatau,Sarawak,18977
BUDU LAND DISTRICT,Saratok,Sarawak,3951
BUKAR-SADONG LAND DISTRICT,Serian,Sarawak,39157
BUKIT BESAI LAND DISTRICT,Lubok Antu,Sarawak,9420
BUKIT KISI LAND DISTRICT,Subis,Sarawak,3394
BULOH LAND DISTRICT,Selangau,Sarawak,0
BUNGIN TOWN DISTRICT,Betong,Sarawak,61
BUSO TOWN DISTRICT,Bau,Sarawak,135
DANAU LAND DISTRICT,Limbang,Sarawak,11194
DANUM LAND DISTRICT,Belaga,Sarawak,2809
DAP TOWN DISTRICT,Kanowit,Sarawak,266
DARO TOWN DISTRICT,Daro,Sarawak,1169
DEBAK TOWN DISTRICT,Betong,Sarawak,2157
DULIT LAND DISTRICT,Beluru,Sarawak,3585
DURIN TOWN DISTRICT,Sibu,Sarawak,64
ENGKILILI TOWN DISTRICT,Lubok Antu,Sarawak,1718
ENGKILO LAND DISTRICT,Sibu,Sarawak,26645
ENTABAN LAND DISTRICT,Betong,Sarawak,2517
ENTEMU LAND DISTRICT,Bukit Mabong,Sarawak,2240
GADING LUNDU LAND DISTRICT,Lundu,Sarawak,14798
GEDONG TOWN DISTRICT,Simunjan,Sarawak,7
GIGIS LAND DISTRICT,Selangau,Sarawak,68
GRIGAT TOWN DISTRICT,Kabong,Sarawak,389
GUNONG AYER TOWN DISTRICT,Sarikei,Sarawak,559
IBAU LAND DISTRICT,Kapit,Sarawak,3812
IGAN TOWN DISTRICT,Matu,Sarawak,1092
JAGOI LAND DISTRICT,Bau,Sarawak,14199
JAMBUSAN TOWN DISTRICT,Bau,Sarawak,70
JELALONG LAND DISTRICT,Sebauh,Sarawak,3221
JEMORENG LAND DISTRICT,Matu,Sarawak,32164
JERIJEH TOWN DISTRICT,Tanjung Manis,Sarawak,0
JIKANG LAND DISTRICT,Julau,Sarawak,6013
JULAU TOWN DISTRICT,Julau,Sarawak,261
KABA TOWN DISTRICT,Saratok,Sarawak,394
KABANG LAND DISTRICT,Sibu,Sarawak,2973
KABONG TOWN DISTRICT,Kabong,Sarawak,1431
KAKI WONG TOWN DISTRICT,Saratok,Sarawak,37
KAKUS LAND DISTRICT,Tatau,Sarawak,4827
KALAKA LAND DISTRICT,Kabong,Sarawak,11232
KAMUNTING LAND DISTRICT,Marudi,Sarawak,1763
KANOWIT TOWN DISTRICT,Kanowit,Sarawak,506
KAPIT TOWN DISTRICT,Kapit,Sarawak,1455
KATIBAS LAND DISTRICT,Song,Sarawak,10269
KAYAN LAND DISTRICT,Tebedu,Sarawak,10629
KEDANG LAND DISTRICT,Tanjung Manis,Sarawak,9682
KEMENA LAND DISTRICT,Bintulu,Sarawak,182190
KLAUH LAND DISTRICT,Sri Aman,Sarawak,7853
KRANGGAS LAND DISTRICT,Lubok Antu,Sarawak,1306
KRANJI TOWN DISTRICT,Bau,Sarawak,138
KROKONG TOWN DISTRICT,Bau,Sarawak,213
KUALA BARAM LAND DISTRICT,Miri,Sarawak,112217
KUALA BARAM TOWN DISTRICT,Miri,Sarawak,2136
KUALA TATAU TOWN DISTRICT,Tatau,Sarawak,34
KUCHING CENTRAL LAND DISTRICT,Kuching,Sarawak,78667
KUCHING NORTH LAND DISTRICT,Bau,Sarawak,0
KUCHING NORTH LAND DISTRICT,Kuching,Sarawak,105768
KUCHING TOWN LAND DISTRICT,Kuching,Sarawak,113228
KUMBONG LAND DISTRICT,Bukit Mabong,Sarawak,1871
LALAI LAND DISTRICT,Selangau,Sarawak,0
LAMBIR LAND DISTRICT,Miri,Sarawak,92321
LASSA LAND DISTRICT,Matu,Sarawak,7646
LAVANG LAND DISTRICT,Sebauh,Sarawak,7574
LAVANG TOWN DISTRICT,Sebauh,Sarawak,125
LAWAS LAND DISTRICT,Lawas,Sarawak,17047
LAWAS TOWN DISTRICT,Lawas,Sarawak,478
LEMANAK LAND DISTRICT,Lubok Antu,Sarawak,1272
LEPU LAJU LAND DISTRICT,Beluru,Sarawak,0
LESONG LAND DISTRICT,Sri Aman,Sarawak,2954
LIDONG TOWN DISTRICT,Lubok Antu,Sarawak,74
LIMBANG TOWN DISTRICT,Limbang,Sarawak,5000
LINGGA TOWN DISTRICT,Sri Aman,Sarawak,1512
LIO MATOH LAND DISTRICT,Telang Usan,Sarawak,2852
LONG AKAH TOWN DISTRICT,Telang Usan,Sarawak,0
LONG LAMA TOWN DISTRICT,Telang Usan,Sarawak,357
LONG MERARAP LAND DISTRICT,Lawas,Sarawak,1344
LONG NAPIR LAND DISTRICT,Limbang,Sarawak,888
LONG SEMADO LAND DISTRICT,Lawas,Sarawak,2340
LONG TERU TOWN DISTRICT,Beluru,Sarawak,51
LUBAU TOWN DISTRICT,Betong,Sarawak,0
LUBOK ANTU TOWN DISTRICT,Lubok Antu,Sarawak,809
LUBOK NIBONG TOWN DISTRICT,Marudi,Sarawak,6
LUKUT LAND DISTRICT,Kanowit,Sarawak,16343
LUNDU TOWN DISTRICT,Lundu,Sarawak,940
LUTONG TOWN DISTRICT,Miri,Sarawak,423
MACHAN TOWN DISTRICT,Kanowit,Sarawak,211
MAJAU LAND DISTRICT,Bukit Mabong,Sarawak,3038
MALUDAM TOWN DISTRICT,Pusa,Sarawak,841
MAMAU LAND DISTRICT,Belaga,Sarawak,8840
MAPAI LAND DISTRICT,Kanowit,Sarawak,5735
MARADONG LAND DISTRICT,Maradong,Sarawak,10839
MAROH LAND DISTRICT,Kanowit,Sarawak,920
MARUDI TOWN DISTRICT,Marudi,Sarawak,2395
MARUP LAND DISTRICT,Lubok Antu,Sarawak,13542
MATANG LAND DISTRICT,Bau,Sarawak,0
MATANG LAND DISTRICT,Kuching,Sarawak,62649
MATU TOWN DISTRICT,Matu,Sarawak,1404
MELIKIN LAND DISTRICT,Serian,Sarawak,20173
MELUGU TOWN DISTRICT,Sri Aman,Sarawak,1257
MELURUN LAND DISTRICT,Julau,Sarawak,4998
MENGIONG LAND DISTRICT,Bukit Mabong,Sarawak,926
MENUAN LAND DISTRICT,Kapit,Sarawak,21731
MENUKU LAND DISTRICT,Simunjan,Sarawak,7268
MENUKU LAND DISTRICT,,,0
MENYAN LAND DISTRICT,Kanowit,Sarawak,24250
MERAPOK LAND DISTRICT,Lawas,Sarawak,4463
MERAPOK TOWN DISTRICT,Lawas,Sarawak,7
MERIRAI LAND DISTRICT,Bukit Mabong,Sarawak,2390
METAH LAND DISTRICT,Kapit,Sarawak,1487
MIRI CONCESSION LAND DISTRICT,Miri,Sarawak,89244
MUARA MONGKOS TOWN DISTRICT,Tebedu,Sarawak,18
MUARA TEBAS LAND DISTRICT,Kuching,Sarawak,99637
MUARA TEBAS LAND DISTRICT,Kuching,,16
MUARA TUANG LAND DISTRICT,Kuching,Sarawak,96
MUARA TUANG LAND DISTRICT,Samarahan,Sarawak,120407
MUARA TUANG TOWN DISTRICT,Samarahan,Sarawak,951
MUKAH LAND DISTRICT,Mukah,Sarawak,25950
MUKIM 1,Barat Daya,Penang,4593
MUKIM 1,Seberang Perai Selatan,Penang,4284
MUKIM 1,Seberang Perai Tengah,Penang,51246
MUKIM 1,Seberang Perai Utara,Penang,9893
MUKIM 10,Barat Daya,Penang,3798
MUKIM 10,Seberang Perai Selatan,Penang,13193
MUKIM 10,Seberang Perai Tengah,Penang,5709
MUKIM 10,Seberang Perai Utara,Penang,5555
MUKIM 11,Barat Daya,Penang,15399
MUKIM 11,Seberang Perai Selatan,Penang,29584
MUKIM 11,Seberang Perai Tengah,Penang,36567
MUKIM 11,Seberang Perai Utara,Penang,21267
MUKIM 12,Barat Daya,Penang,144806
MUKIM 12,Seberang Perai Selatan,Penang,3773
MUKIM 12,Seberang Perai Tengah,Penang,8943
MUKIM 12,Seberang Perai Utara,Penang,28618
MUKIM 12,,,33
MUKIM 13,Seberang Perai Selatan,Penang,7380
MUKIM 13,Seberang Perai Tengah,Penang,22354
MUKIM 13,Seberang Perai Utara,Penang,7897
MUKIM 13,Timur Laut,Penang,192679
MUKIM 14,Seberang Perai Tengah,Penang,72750
MUKIM 14,Seberang Perai Utara,Penang,23499
MUKIM 14,Timur Laut,Penang,2395
MUKIM 15,Seberang Perai Selatan,Penang,37896
MUKIM 15,Seberang Perai Tengah,Penang,63711
MUKIM 15,Timur Laut,Penang,4
MUKIM 16,Seberang Perai Tengah,Penang,18329
MUKIM 16,Seberang Perai Utara,Penang,12172
MUKIM 16,Timur Laut,Penang,3209
MUKIM 16,,,452
MUKIM 17,Seberang Perai Tengah,Penang,2606
MUKIM 17,Timur Laut,Penang,5303
MUKIM 18,Seberang Perai Tengah,Penang,4072
MUKIM 18,Timur Laut,Penang,16326
MUKIM 19,Seberang Perai Tengah,Penang,4416
MUKIM 2,Barat Daya,Penang,3500
MUKIM 2,Seberang Perai Selatan,Penang,2941
MUKIM 2,Seberang Perai Tengah,Penang,6310
MUKIM 2,Seberang Perai Utara,Penang,7249
MUKIM 20,Seberang Perai Tengah,Penang,15772
MUKIM 21,Seberang Perai Tengah,Penang,4847
MUKIM 3,Barat Daya,Penang,1691
MUKIM 3,Seberang Perai Selatan,Penang,2656
MUKIM 3,Seberang Perai Tengah,Penang,8100
MUKIM 3,Seberang Perai Utara,Penang,12013
MUKIM 4,Barat Daya,Penang,2854
MUKIM 4,Seberang Perai Selatan,Penang,12054
MUKIM 4,Seberang Perai Tengah,Penang,12049
MUKIM 4,Seberang Perai Utara,Penang,13085
MUKIM 5,Barat Daya,Penang,528
MUKIM 5,Seberang Perai Selatan,Penang,11620
MUKIM 5,Seberang Perai Tengah,Penang,4651
MUKIM 5,Seberang Perai Utara,Penang,9302
MUKIM 6,Barat Daya,Penang,9727
MUKIM 6,Seberang Perai Selatan,Penang,4922
MUKIM 6,Seberang Perai Tengah,Penang,56920
MUKIM 6,Seberang Perai Utara,Penang,40471
MUKIM 7,Barat Daya,Penang,1716
MUKIM 7,Seberang Perai Selatan,Penang,24750
MUKIM 7,Seberang Perai Tengah,Penang,6088
MUKIM 7,Seberang Perai Utara,Penang,21020
MUKIM 8,Barat Daya,Penang,1295
MUKIM 8,Seberang Perai Selatan,Penang,3921
MUKIM 8,Seberang Perai Tengah,Penang,4139
MUKIM 8,Seberang Perai Utara,Penang,18284
MUKIM 8,,,0
MUKIM 9,Barat Daya,Penang,16127
MUKIM 9,Seberang Perai Selatan,Penang,27357
MUKIM 9,Seberang Perai Tengah,Penang,10300
MUKIM 9,Seberang Perai Utara,Penang,12078
MUKIM A,Barat Daya,Penang,1861
MUKIM ABI,Perlis,Perlis,2353
MUKIM AH,Kubang Pasu,Kedah,3922
MUKIM AIR KUNING,Tampin,Negeri Sembilan,4005
MUKIM AIR MASIN,Pontian,Johor,4360
MUKIM ALAI,Melaka Tengah,Malacca,10453
MUKIM ALOR BAKAT,Bachok,Kelantan,4633
MUKIM ALOR BULOH,Pasir Mas,Kelantan,3300
MUKIM ALOR MALAI,Kota Setar,Kedah,0
MUKIM ALOR PASIR,Pasir Mas,Kelantan,4103
MUKIM ALUR LIMBAT,Marang,Terengganu,21993
MUKIM AMPANG,Gombak,Kuala Lumpur,879
MUKIM AMPANG,Kuala Lumpur,Kuala Lumpur,52078
MUKIM AMPANG,Ulu Langat,Selangor,10070
MUKIM AMPANG PECHAH,Ulu Selangor,Selangor,2191
MUKIM AMPANG TINGGI,Kuala Pilah,Negeri Sembilan,7689
MUKIM AMPANGAN,Seremban,Negeri Sembilan,65380
MUKIM ANAK BUKIT,Kota Setar,Kedah,857
MUKIM APA-APA,Pasir Mas,Kelantan,2956
MUKIM APAM,Pasir Mas,Kelantan,13448
MUKIM API-API,Kuala Selangor,Selangor,7344
MUKIM API-API,Pontian,Johor,12343
MUKIM ARAU,Perlis,Perlis,23918
MUKIM ASAM KUMBANG,Larut dan Matang,Perak,94965
MUKIM ATAS TOL,Kuala Terengganu,Terengganu,3291
MUKIM AUR DURI,Kota Bharu,Kelantan,1463
MUKIM AYER BALOI,Pontian,Johor,12061
MUKIM AYER HANGAT,Langkawi,Kedah,7791
MUKIM AYER HANGAT,Langkawi,,0
MUKIM AYER HANGAT,,,9
MUKIM AYER HITAM,Muar,Johor,8225
MUKIM AYER MOLEK,Melaka Tengah,Malacca,12148
MUKIM AYER PA'ABAS,Alor Gajah,Malacca,3323
MUKIM AYER PANAS,Jasin,Malacca,16310
MUKIM AYER PUTEH,Pendang,Kedah,21557
MUKIM B,Barat Daya,Penang,2172
MUKIM BACHANG,Melaka Tengah,Malacca,28187
MUKIM BACHOK,Bachok,Kelantan,3936
MUKIM BADAK,Kota Bharu,Kelantan,5300
MUKIM BADAK MATI,Kota Bharu,Kelantan,5071
MUKIM BADANG,Kota Bharu,Kelantan,6373
MUKIM BAGAN,Batu Pahat,Johor,8746
MUKIM BAGAN,Machang,Kelantan,1636
MUKIM BAGAN DATUK,Bagan Datuk,Perak,14223
MUKIM BAGAN NAKHODA OMAR,Sabak Bernam,Selangor,9395
MUKIM BAGAN SAMAK,Bandar Baharu,Kedah,7600
MUKIM BAGAN SENA,Kulim,Kedah,6721
MUKIM BAGAN SERAI,Kerian,Perak,45914
MUKIM BAGAN TIANG,Kerian,Perak,13663
MUKIM BAKAI,Baling,Kedah,12972
MUKIM BAKAR,Machang,Kelantan,6398
MUKIM BAKONG,Pasir Mas,Kelantan,1624
MUKIM BALAI PANJANG,Melaka Tengah,Malacca,21995
MUKIM BALAR,Kecil Lojing,Kelantan,630
MUKIM BALING,Baling,Kedah,2444
MUKIM BANDAR,Kuala Langat,Selangor,13378
MUKIM BANDAR,Muar,Johor,58974
MUKIM BANDAR,Perak Tengah,Perak,7128
MUKIM BANDI,Kemaman,Terengganu,12140
MUKIM BANGAU,Temerloh,Pahang,8850
MUKIM BANGGOL,Kota Bharu,Kelantan,5249
MUKIM BANGGOL SETOL,Pasir Puteh,Kelantan,1779
MUKIM BANGGU,Kota Bharu,Kelantan,5275
MUKIM BANGGUL,Kemaman,Terengganu,8230
MUKIM BATANG KALI,Ulu Selangor,Selangor,30106
MUKIM BATANG MALAKA,Jasin,Malacca,4639
MUKIM BATANG MERBAU,Tanah Merah,Kelantan,6525
MUKIM BATANG PADANG,Batang Padang,Perak,34481
MUKIM BATANG TUNGGANG KANAN,Padang Terap,Kedah,1825
MUKIM BATANG TUNGGANG KIRI,Padang Terap,Kedah,390
MUKIM BATOR,Bachok,Kelantan,6633
MUKIM BATU,Gombak,Selangor,3422
MUKIM BATU,Kuala Langat,Selangor,14206
MUKIM BATU,Kuala Lumpur,Kuala Lumpur,372260
MUKIM BATU,Petaling,Selangor,537
MUKIM BATU BERENDAM,Melaka Tengah,Malacca,48314
MUKIM BATU BURUK,Kuala Terengganu,Terengganu,14530
MUKIM BATU HAMPAR,Rembau,Negeri Sembilan,2904
MUKIM BATU KURAU,Larut dan Matang,Perak,26366
MUKIM BATU MENGKEBANG,Kuala Krai,Kelantan,5359
MUKIM BATU PAPAN,Gua Musang,Kelantan,2702
MUKIM BATU RAKIT,Kuala Nerus,Terengganu,39198
MUKIM BATU SEBUTIR,Pasir Puteh,Kelantan,2707
MUKIM BATU TALAM,Raub,Pahang,13617
MUKIM BATU YON,Lipis,Pahang,10211
MUKIM BAUNG,Kota Bharu,Kelantan,13802
MUKIM BAYANG,Kota Bharu,Kelantan,5901
MUKIM BEBAR,Pekan,Pahang,13781
MUKIM BECHAH MENERONG,Pasir Mas,Kelantan,1685
MUKIM BECHAH MULONG,Kota Bharu,Kelantan,3848
MUKIM BECHAH PALAS,Pasir Mas,Kelantan,1421
MUKIM BECHAH RESAK,Tumpat,Kelantan,5815
MUKIM BECHAH SEMAK,Pasir Mas,Kelantan,1392
MUKIM BEKOK,Segamat,Johor,4674
MUKIM BELANJA,Perak Tengah,Perak,27769
MUKIM BELARA,Kuala Terengganu,Terengganu,17021
MUKIM BELIMBING,Alor Gajah,Malacca,2111
MUKIM BELIMBING,Jeli,Kelantan,7030
MUKIM BELIMBING KANAN,Padang Terap,Kedah,6531
MUKIM BELIMBING KIRI,Padang Terap,Kedah,2305
MUKIM BELUKAR SEMANG,Hulu Perak,Perak,1642
MUKIM BELUM,Hulu Perak,Perak,790
MUKIM BENDANG NYIOR,Tanah Merah,Kelantan,3769
MUKIM BENTONG,Bentong,Pahang,68713
MUKIM BENUT,Pontian,Johor,13547
MUKIM BERA,Bera,Pahang,45765
MUKIM BERANANG,Ulu Langat,Selangor,52151
MUKIM BERANGAN,Pasir Puteh,Kelantan,1275
MUKIM BERIAH,Kerian,Perak,14875
MUKIM BERINGIN,Alor Gajah,Malacca,2362
MUKIM BERTAM,Melaka Tengah,Malacca,14878
MUKIM BERUAS,Manjung,Perak,9782
MUKIM BESERAH,Kuantan,Pahang,17971
MUKIM BESERI,Perlis,Perlis,13853
MUKIM BESTARI JAYA,Kuala Selangor,Selangor,13866
MUKIM BESUL,Dungun,Terengganu,2684
MUKIM BETA HILIR,Kota Bharu,Kelantan,2004
MUKIM BETA HULU,Kota Bharu,Kelantan,2041
MUKIM BETING,Kota Bharu,Kelantan,5627
MUKIM BIAH,Kota Bharu,Kelantan,1724
MUKIM BIDOR,Batang Padang,Perak,32597
MUKIM BINJAI,Kemaman,Terengganu,16775
MUKIM BINJAI,Kota Bharu,Kelantan,4667
MUKIM BINJAL,Kubang Pasu,Kedah,3701
MUKIM BLAU,Kecil Lojing,Kelantan,1661
MUKIM BOHOR,Langkawi,Kedah,6801
MUKIM BONGEK,Rembau,Negeri Sembilan,994
MUKIM BONGOR,Baling,Kedah,5509
MUKIM BOTA,Perak Tengah,Perak,36540
MUKIM BRISU,Alor Gajah,Malacca,1008
MUKIM BUDU,Lipis,Pahang,3610
MUKIM BUJANG,Kuala Muda,Kedah,12255
MUKIM BUKIT ABAL BARAT,Pasir Puteh,Kelantan,2745
MUKIM BUKIT ABAL TIMOR,Pasir Puteh,Kelantan,571
MUKIM BUKIT BARU,Melaka Tengah,Malacca,42239
MUKIM BUKIT BATU,Kulaijaya,Johor,21251
MUKIM BUKIT BESAR,Kuala Terengganu,Terengganu,24230
MUKIM BUKIT DURIAN,Tanah Merah,Kelantan,3606
MUKIM BUKIT GANTANG,Larut dan Matang,Perak,13334
MUKIM BUKIT KATIL,Melaka Tengah,Malacca,53029
MUKIM BUKIT KENAK,Besut,Terengganu,10424
MUKIM BUKIT KEPONG,Muar,Johor,9597
MUKIM BUKIT LADA,Pokok Sena,Kedah,7368
MUKIM BUKIT LINTANG,Melaka Tengah,Malacca,12852
MUKIM BUKIT MERBAU,Pasir Puteh,Kelantan,4432
MUKIM BUKIT MERIAM,Kuala Muda,Kedah,6986
MUKIM BUKIT MERIAM,,,0
MUKIM BUKIT PAYA,Pendang,Kedah,9749
MUKIM BUKIT PAYUNG,Marang,Terengganu,27916
MUKIM BUKIT PETERI,Besut,Terengganu,8757
MUKIM BUKIT PIATU,Melaka Tengah,Malacca,6863
MUKIM BUKIT RAJA,Petaling,Selangor,124719
MUKIM BUKIT RAMBAI,Melaka Tengah,Malacca,24590
MUKIM BUKIT SEGUMPAL,Maran,Pahang,10253
MUKIM BUKIT SENGGEH,Jasin,Malacca,1931
MUKIM BUKIT SERAMPANG,Ledang,Johor,8856
MUKIM BUKIT TANAH,Pasir Puteh,Kelantan,2937
MUKIM BUKIT TINGGI,Kubang Pasu,Kedah,935
MUKIM BUKIT TUKU,Pasir Mas,Kelantan,3311
MUKIM BULOH KASAP,Segamat,Johor,20948
MUKIM BULOH POH,Kota Bharu,Kelantan,3273
MUKIM BULOH TELOR,Ulu Selangor,Selangor,139
MUKIM BUNGA TANJONG,Jeli,Kelantan,2094
MUKIM BUNOHAN,Tumpat,Kelantan,6618
MUKIM BUNUT PAYONG,Kota Bharu,Kelantan,5488
MUKIM BUNUT SARANG BURONG,Tumpat,Kelantan,3633
MUKIM BURAU,Jerantut,Pahang,3945
MUKIM BUT,Kota Bharu,Kelantan,3072
MUKIM C,Barat Daya,Penang,2844
MUKIM CABANG TIGA,Kuala Terengganu,Terengganu,15620
MUKIM CALUK,Setiu,Terengganu,15158
MUKIM CENERING,Kuala Terengganu,Terengganu,14539
MUKIM CHAAH,Segamat,Johor,12181
MUKIM CHAAH BAHRU,Batu Pahat,Johor,7747
MUKIM CHABAU,Jasin,Malacca,5209
MUKIM CHANGGAI,Pasir Puteh,Kelantan,1912
MUKIM CHANGKAT JONG,Hilir Perak,Perak,23478
MUKIM CHAP,Bachok,Kelantan,2244
MUKIM CHE LATIFF,Kota Bharu,Kelantan,2892
MUKIM CHEGAR GALAH,Kuala Kangsar,Perak,8983
MUKIM CHEKA,Lipis,Pahang,4640
MUKIM CHEKLI,Kota Bharu,Kelantan,1659
MUKIM CHEKOK,Kota Bharu,Kelantan,8216
MUKIM CHEMBONG,Rembau,Negeri Sembilan,4846
MUKIM CHENDERIANG,Batang Padang,Perak,18475
MUKIM CHENDERONG BATU,Tumpat,Kelantan,8192
MUKIM CHENG,Melaka Tengah,Malacca,21494
MUKIM CHENGKAU,Rembau,Negeri Sembilan,921
MUKIM CHENOR,Maran,Pahang,74264
MUKIM CHERANG HANGUS,Bachok,Kelantan,1144
MUKIM CHERANG MELINTANG,Tumpat,Kelantan,3426
MUKIM CHERANG RUKU,Pasir Puteh,Kelantan,12014
MUKIM CHERAS,Kuala Lumpur,Kuala Lumpur,16317
MUKIM CHERAS,Ulu Langat,Selangor,105247
MUKIM CHETOK,Pasir Mas,Kelantan,5302
MUKIM CHICHA,Kota Bharu,Kelantan,6059
MUKIM CHIN CHIN,Jasin,Malacca,4733
MUKIM CHOHONG,Jasin,Malacca,801
MUKIM CHUPING,Perlis,Perlis,13643
MUKIM CUKAI,Kemaman,Terengganu,61317
MUKIM D,Barat Daya,Penang,2359
MUKIM DAL,Kota Bharu,Kelantan,7092
MUKIM DAMANSARA,Petaling,Selangor,186257
MUKIM DEMIT,Kota Bharu,Kelantan,5734
MUKIM DENGKIL,Sepang,Selangor,219486
MUKIM DERANG,Pokok Sena,Kedah,4490
MUKIM DERGA,Kota Setar,Kedah,9212
MUKIM DEWAN,Machang,Kelantan,4448
MUKIM DONG,Raub,Pahang,5389
MUKIM DULANG,Yan,Kedah,4334
MUKIM DURIAN PIPIT,Hulu Perak,Perak,3423
MUKIM DURIAN SEBATANG,Hilir Perak,Perak,74824
MUKIM DURIAN TUNGGAL,Alor Gajah,Malacca,23849
MUKIM DUSON RENDAH,Kota Bharu,Kelantan,2707
MUKIM DUYONG,Melaka Tengah,Malacca,20371
MUKIM E,Barat Daya,Penang,2443
MUKIM ENDAU,Rompin,Pahang,11476
MUKIM ENGGONG,Kuala Krai,Kelantan,4365
MUKIM F,Barat Daya,Penang,2883
MUKIM G,Barat Daya,Penang,2890
MUKIM GADEK,Alor Gajah,Malacca,5091
MUKIM GADING GALOH,Machang,Kelantan,4301
MUKIM GADONG,Rembau,Negeri Sembilan,3006
MUKIM GAJAH,Kuala Krai,Kelantan,6898
MUKIM GAJAH MATI,Bachok,Kelantan,5648
MUKIM GAJAH MATI,Pokok Sena,Kedah,7316
MUKIM GALI,Raub,Pahang,61588
MUKIM GANCHONG,Pekan,Pahang,1778
MUKIM GELAM,Pasir Mas,Kelantan,2391
MUKIM GELONG,Kubang Pasu,Kedah,5463
MUKIM GELUGUR KEDAI,Kuala Terengganu,Terengganu,6571
MUKIM GELUGUR RAJA,Kuala Terengganu,Terengganu,2210
MUKIM GEMAS,Tampin,Negeri Sembilan,31384
MUKIM GEMENCHEH,Tampin,Negeri Sembilan,15809
MUKIM GEMEREH,Segamat,Johor,6356
MUKIM GERIK,Hulu Perak,Perak,27659
MUKIM GETING,Tumpat,Kelantan,7215
MUKIM GLAMI LEMI,Jelebu,Negeri Sembilan,5585
MUKIM GONG CHAPA,Pasir Puteh,Kelantan,969
MUKIM GONG CHENGAL,Pasir Puteh,Kelantan,1418
MUKIM GONG DATOK BARAT,Pasir Puteh,Kelantan,2624
MUKIM GONG DATOK TIMOR,Pasir Puteh,Kelantan,1595
MUKIM GONG GARU,Pasir Puteh,Kelantan,1424
MUKIM GONG KULIM,Pasir Puteh,Kelantan,3652
MUKIM GONG NANGKA,Pasir Puteh,Kelantan,3844
MUKIM GONG PACHAT,Pasir Puteh,Kelantan,2535
MUKIM GRISEK,Ledang,Johor,24899
MUKIM GUA,Lipis,Pahang,4441
MUKIM GUA,Pasir Mas,Kelantan,3522
MUKIM GUA MUSANG,Gua Musang,Kelantan,251
MUKIM GUAL NERING,Pasir Mas,Kelantan,11248
MUKIM GUAL PERIOK,Pasir Mas,Kelantan,6374
MUKIM GUAR KEPAYANG,Pendang,Kedah,4262
MUKIM GUNONG,Bachok,Kelantan,6344
MUKIM GUNONG,Kota Setar,Kedah,5155
MUKIM GUNONG SEMANGGOL,Kerian,Perak,20165
MUKIM GUNTONG,Kota Bharu,Kelantan,16521
MUKIM GUNTUNG,Setiu,Terengganu,7382
MUKIM GURUN,Kuala Muda,Kedah,11006
MUKIM H,Barat Daya,Penang,1155
MUKIM HAJI KUDONG,Kuala Muda,Kedah,1364
MUKIM HAU,Kecil Lojing,Kelantan,402
MUKIM HENDROP,Kecil Lojing,Kelantan,1057
MUKIM HULU BERANG,Hulu Terengganu,Terengganu,4631
MUKIM HULU BERNAM BARAT,Muallim,Perak,6033
MUKIM HULU BERNAM TIMUR,Muallim,Perak,39553
MUKIM HULU BESUT,Besut,Terengganu,4686
MUKIM HULU CHEKA,Jerantut,Pahang,7685
MUKIM HULU CUKAI,Kemaman,Terengganu,9886
MUKIM HULU DONG,Raub,Pahang,1790
MUKIM HULU IJOK,Selama,Perak,13295
MUKIM HULU JABUR,Kemaman,Terengganu,6883
MUKIM HULU JELAI,Lipis,Pahang,20797
MUKIM HULU KINTA,Kinta,Perak,598329
MUKIM HULU KUANTAN,Kuantan,Pahang,8776
MUKIM HULU LEPAR,Kuantan,Pahang,20559
MUKIM HULU NERUS,Setiu,Terengganu,12947
MUKIM HULU PAKA,Dungun,Terengganu,7785
MUKIM HULU SELAMA,Selama,Perak,14560
MUKIM HULU SETIU,Setiu,Terengganu,3251
MUKIM HULU TELEMUNG,Hulu Terengganu,Terengganu,9128
MUKIM HULU TELOM,Cameron Highlands,Pahang,21828
MUKIM HULU TEMBELING,Jerantut,Pahang,2358
MUKIM HULU TERENGGANU,Hulu Terengganu,Terengganu,23
MUKIM HUSBA,Kubang Pasu,Kedah,2784
MUKIM HUTAN MELINTANG,Bagan Datuk,Perak,32000
MUKIM I,Barat Daya,Penang,1452
MUKIM I,,,0
MUKIM IJOK,Kuala Selangor,Selangor,60217
MUKIM J,Barat Daya,Penang,1121
MUKIM JABI,Besut,Terengganu,17216
MUKIM JABI,Pokok Sena,Kedah,4669
MUKIM JABI,Segamat,Johor,7138
MUKIM JABO,Pasir Mas,Kelantan,5793
MUKIM JAKAR,Machang,Kelantan,1375
MUKIM JAL,Tumpat,Kelantan,3090
MUKIM JALAN BAKRI,Muar,Johor,33920
MUKIM JASIN,Jasin,Malacca,18062
MUKIM JAYA BARU,Perak Tengah,Perak,286
MUKIM JEBONG,Larut dan Matang,Perak,21080
MUKIM JEDOK,Tanah Merah,Kelantan,5128
MUKIM JEJAWI,Pasir Mas,Kelantan,1822
MUKIM JEJAWI,Perlis,Perlis,8787
MUKIM JELAI,Jempol,Negeri Sembilan,9971
MUKIM JELI,Jeli,Kelantan,10086
MUKIM JELI TEPI SUNGAI,Jeli,Kelantan,10726
MUKIM JELUTONG,Johor Bahru,Johor,20927
MUKIM JELUTONG,Kota Bharu,Kelantan,1906
MUKIM JEMENTAH,Segamat,Johor,17155
MUKIM JENAGUR,Hulu Terengganu,Terengganu,6908
MUKIM JENDERAK,Temerloh,Pahang,21488
MUKIM JENERI,Sik,Kedah,15575
MUKIM JENGAI,Dungun,Terengganu,1286
MUKIM JERAM,Kuala Selangor,Selangor,50791
MUKIM JERAM,Kubang Pasu,Kedah,9465
MUKIM JERAM,Pasir Puteh,Kelantan,2433
MUKIM JERAM,,,0
MUKIM JERAM BATU,Pontian,Johor,24046
MUKIM JERANGAU,Dungun,Terengganu,14176
MUKIM JERLUN,Kubang Pasu,Kedah,13767
MUKIM JERUNG,Marang,Terengganu,5144
MUKIM JERUS,Pasir Puteh,Kelantan,1590
MUKIM JIMAH,Port Dickson,Negeri Sembilan,11268
MUKIM JITRA,Kubang Pasu,Kedah,133
MUKIM JOH,Machang,Kelantan,3133
MUKIM JOHOL,Kuala Pilah,Negeri Sembilan,7442
MUKIM JOHOR LAMA,Kota Tinggi,Johor,9018
MUKIM JORAK,Muar,Johor,25518
MUKIM JUASSEH,Kuala Pilah,Negeri Sembilan,7496
MUKIM JUGRA,Kuala Langat,Selangor,6585
MUKIM JUNJONG,Kulim,Kedah,5138
MUKIM JUS,Jasin,Malacca,671
MUKIM KADOK,Kota Bharu,Kelantan,6407
MUKIM KAHANG,Kluang,Johor,11106
MUKIM KAJANG,Ulu Langat,Selangor,57796
MUKIM KALA,Pasir Mas,Kelantan,410
MUKIM KALAI,Jeli,Kelantan,1697
MUKIM KALUMPANG,Ulu Selangor,Selangor,2546
MUKIM KAMBAU,Kota Tinggi,Johor,2153
MUKIM KAMPAR,Kampar,Perak,71623
MUKIM KAMPONG BUAYA,Kuala Kangsar,Perak,10442
MUKIM KAMPONG GAJAH,Perak Tengah,Perak,8566
MUKIM KAMPONG LAUT,Tumpat,Kelantan,5514
MUKIM KAMPONG SIREH,Kota Bharu,Kelantan,1349
MUKIM KAMPONG WAKAF,Pasir Puteh,Kelantan,1333
MUKIM KAMPUNG BAHRU,Batu Pahat,Johor,13281
MUKIM KAMPUNG RAJA,Besut,Terengganu,12744
MUKIM KAMUNTING,Larut dan Matang,Perak,41356
MUKIM KANDANG,Melaka Tengah,Malacca,5597
MUKIM KANDEK,Kuala Krai,Kelantan,989
MUKIM KANDIS,Pasir Puteh,Kelantan,3071
MUKIM KANGKONG,Kota Setar,Kedah,6636
MUKIM KANGKONG,Pasir Mas,Kelantan,3266
MUKIM KAPAR,Klang,Selangor,286901
MUKIM KARANG,Kota Bharu,Kelantan,2810
MUKIM KARANGAN,Kulim,Kedah,6790
MUKIM KASA,Pasir Mas,Kelantan,4751
MUKIM KAYANG,Perlis,Perlis,11936
MUKIM KECHAU,Lipis,Pahang,5361
MUKIM KECHOR,Perlis,Perlis,6390
MUKIM KEDAI BULOH,Kota Bharu,Kelantan,2766
MUKIM KEDAWANG,Langkawi,Kedah,4332
MUKIM KEDAWANG,,Kedah,184
MUKIM KEDAWANG,,,0
MUKIM KEDONDONG,Pasir Mas,Kelantan,1978
MUKIM KELABORAN,Tumpat,Kelantan,3891
MUKIM KELANANG,Kuala Langat,Selangor,16020
MUKIM KELAWEH,Machang,Kelantan,5698
MUKIM KELEMAK,Alor Gajah,Malacca,26203
MUKIM KELOLA,Jerantut,Pahang,334
MUKIM KELUANG,Besut,Terengganu,10545
MUKIM KEMASIK,Kemaman,Terengganu,7568
MUKIM KEMASIN,Bachok,Kelantan,4282
MUKIM KEMUBU,Kota Bharu,Kelantan,6548
MUKIM KEMUMIN,Kota Bharu,Kelantan,13984
MUKIM KEMUNING,Alor Gajah,Malacca,2434
MUKIM KENABOI,Jelebu,Negeri Sembilan,1568
MUKIM KENAK,Pasir Mas,Kelantan,1382
MUKIM KENALI,Kota Bharu,Kelantan,10423
MUKIM KENERING,Hulu Perak,Perak,9895
MUKIM KENOR,Besut,Terengganu,0
MUKIM KENOR,Kuala Krai,Kelantan,15201
MUKIM KEPELU,Kubang Pasu,Kedah,7168
MUKIM KEPIS,Kuala Pilah,Negeri Sembilan,3563
MUKIM KEPUNG,Kuala Terengganu,Terengganu,7620
MUKIM KERANDANG,Besut,Terengganu,9312
MUKIM KERASAK,Pasir Mas,Kelantan,915
MUKIM KERATONG,Rompin,Pahang,66391
MUKIM KERAWANG,Machang,Kelantan,3712
MUKIM KERDAU,Temerloh,Pahang,5093
MUKIM KERILLA,Machang,Kelantan,1788
MUKIM KERLING,Ulu Selangor,Selangor,4393
MUKIM KERTAU,Maran,Pahang,2030
MUKIM KERTIH,Kemaman,Terengganu,25753
MUKIM KERU,Tampin,Negeri Sembilan,537
MUKIM KERUNAI,Hulu Perak,Perak,8187
MUKIM KESANG,Jasin,Malacca,11136
MUKIM KESANG,Ledang,Johor,16264
MUKIM KETEREH BARAT,Kota Bharu,Kelantan,4110
MUKIM KETEREH TIMOR,Kota Bharu,Kelantan,5961
MUKIM KETIL,Gua Musang,Kelantan,5186
MUKIM KETIL,Tumpat,Kelantan,6331
MUKIM KIAT,Pasir Mas,Kelantan,4217
MUKIM KIJAL,Kemaman,Terengganu,11158
MUKIM KIJANG,Kota Bharu,Kelantan,5410
MUKIM KLANG,Klang,Selangor,527464
MUKIM KLANG,Klang,,0
MUKIM KLEBANG BESAR,Melaka Tengah,Malacca,5624
MUKIM KLEBANG KECHIL,Melaka Tengah,Malacca,9075
MUKIM KLUANG,Kluang,Johor,187581
MUKIM KOH,Kota Bharu,Kelantan,1672
MUKIM KOK KELI,Tumpat,Kelantan,6640
MUKIM KOLAM TEMBESU,Pasir Puteh,Kelantan,4374
MUKIM KOTA,Kota Bharu,Kelantan,5605
MUKIM KOTA,Kuala Muda,Kedah,1918
MUKIM KOTA LAMA KANAN,Kuala Kangsar,Perak,8359
MUKIM KOTA LAMA KIRI,Kuala Kangsar,Perak,21167
MUKIM KOTA SETIA,Perak Tengah,Perak,3813
MUKIM KOTA TINGGI,Kota Tinggi,Johor,57775
MUKIM KRUBONG,Melaka Tengah,Malacca,16771
MUKIM KUALA,Kuala Muda,Kedah,3760
MUKIM KUALA ABANG,Dungun,Terengganu,4585
MUKIM KUALA BALAH,Jeli,Kelantan,5339
MUKIM KUALA BERANG,Hulu Terengganu,Terengganu,18677
MUKIM KUALA BESUT,Besut,Terengganu,17031
MUKIM KUALA BETIS,Kecil Lojing,Kelantan,3509
MUKIM KUALA DUNGUN,Dungun,Terengganu,37059
MUKIM KUALA DUNGUN,,Terengganu,51
MUKIM KUALA DUNGUN,,,0
MUKIM KUALA GERIS,Kuala Krai,Kelantan,2458
MUKIM KUALA IBAI,Kuala Terengganu,Terengganu,14048
MUKIM KUALA JEMPOL,Jempol,Negeri Sembilan,7559
MUKIM KUALA KALUMPANG,Ulu Selangor,Selangor,4118
MUKIM KUALA KELAR,Pasir Mas,Kelantan,2450
MUKIM KUALA KERAK,Machang,Kelantan,2927
MUKIM KUALA KLAWANG,Jelebu,Negeri Sembilan,2313
MUKIM KUALA KRAI,Kuala Krai,Kelantan,549
MUKIM KUALA KUANTAN,Kuantan,Pahang,322332
MUKIM KUALA KURAU,Kerian,Perak,29526
MUKIM KUALA LEMAL,Pasir Mas,Kelantan,3052
MUKIM KUALA LINGGI,Alor Gajah,Malacca,2623
MUKIM KUALA LINGGI,Port Dickson,Negeri Sembilan,17
MUKIM KUALA LIPIS,Lipis,Pahang,3341
MUKIM KUALA LUMPUR,Kuala Lumpur,Kuala Lumpur,383184
MUKIM KUALA NAL,Kuala Krai,Kelantan,8226
MUKIM KUALA NERUS,Kuala Nerus,Terengganu,89989
MUKIM KUALA PAHANG,Pekan,Pahang,7564
MUKIM KUALA PAHI,Kuala Krai,Kelantan,11543
MUKIM KUALA PAKA,Dungun,Terengganu,33315
MUKIM KUALA PAKU,Tanah Merah,Kelantan,8079
MUKIM KUALA PERGAU,Kuala Krai,Kelantan,3682
MUKIM KUALA PERLIS,Perlis,Perlis,21688
MUKIM KUALA SELAMA,Bandar Baharu,Kedah,3081
MUKIM KUALA SELANGOR,Kuala Selangor,Selangor,3202
MUKIM KUALA STONG,Kuala Krai,Kelantan,6961
MUKIM KUALA SUNGAI,Gua Musang,Kelantan,709
MUKIM KUALA SUNGEI BARU,Alor Gajah,Malacca,12998
MUKIM KUALA TELEMUNG,Hulu Terengganu,Terengganu,6508
MUKIM KUALA TEMBELING,Jerantut,Pahang,2066
MUKIM KUAU,Bachok,Kelantan,1245
MUKIM KUBANG BATANG,Pasir Mas,Kelantan,1525
MUKIM KUBANG BEMBAN,Besut,Terengganu,4833
MUKIM KUBANG BEMBAN,Pasir Mas,Kelantan,3299
MUKIM KUBANG GATAL,Pasir Mas,Kelantan,4026
MUKIM KUBANG GENDANG,Pasir Mas,Kelantan,3397
MUKIM KUBANG KETAM,Pasir Mas,Kelantan,4410
MUKIM KUBANG PARIT,Kuala Terengganu,Terengganu,7962
MUKIM KUBANG PASU,Kubang Pasu,Kedah,2723
MUKIM KUBANG ROTAN,Kota Setar,Kedah,1034
MUKIM KUBANG SEPAT,Pasir Mas,Kelantan,1733
MUKIM KUBANG TELAGA,Bachok,Kelantan,2920
MUKIM KUBANG TERAP,Pasir Mas,Kelantan,5610
MUKIM KUCHELONG,Bachok,Kelantan,3542
MUKIM KULAI,Kulaijaya,Johor,167092
MUKIM KULIM,Kulim,Kedah,2353
MUKIM KUMPAL,Dungun,Terengganu,3186
MUKIM KUNDANG,Ledang,Johor,4146
MUKIM KUNDOR,Rembau,Negeri Sembilan,1528
MUKIM KUPANG,Baling,Kedah,20777
MUKIM KURONG ANAI,Perlis,Perlis,17176
MUKIM KURONG BATANG,Perlis,Perlis,3367
MUKIM KURONG HITAM,Padang Terap,Kedah,3204
MUKIM KUTANG,Tumpat,Kelantan,5940
MUKIM LABIS,Segamat,Johor,30195
MUKIM LABOK,Machang,Kelantan,6041
MUKIM LABU,Port Dickson,Negeri Sembilan,0
MUKIM LABU,Seremban,Negeri Sembilan,64449
MUKIM LABU KUBONG,Hilir Perak,Perak,10430
MUKIM LALANG,Pasir Mas,Kelantan,3408
MUKIM LAMBOR KANAN,Perak Tengah,Perak,4288
MUKIM LAMBOR KIRI,Perak Tengah,Perak,2010
MUKIM LANGGAR,Kota Bharu,Kelantan,8704
MUKIM LANGGAR,Kota Setar,Kedah,3235
MUKIM LANGGAR,Pekan,Pahang,6401
MUKIM LANGKAP,Kuala Pilah,Negeri Sembilan,380
MUKIM LAWANG,Tanah Merah,Kelantan,17523
MUKIM LAYANG LAYANG,Perak Tengah,Perak,4151
MUKIM LAYANG-LAYANG,Kluang,Johor,13521
MUKIM LEBAK,Temerloh,Pahang,1971
MUKIM LEGONG ILIR,Rembau,Negeri Sembilan,1313
MUKIM LEGONG ULU,Rembau,Negeri Sembilan,565
MUKIM LEKIR,Manjung,Perak,12346
MUKIM LEMBU,Kota Bharu,Kelantan,5552
MUKIM LENDU,Alor Gajah,Malacca,3870
MUKIM LENGA,Muar,Johor,6827
MUKIM LENGGENG,Seremban,Negeri Sembilan,12389
MUKIM LENGGONG,Hulu Perak,Perak,12357
MUKIM LENGGOR,Mersing,Johor,612
MUKIM LENGKUAS,Kota Setar,Kedah,1670
MUKIM LEPAI,Kota Setar,Kedah,3792
MUKIM LEPAR,Pekan,Pahang,6003
MUKIM LESONG,Pendang,Kedah,0
MUKIM LESONG,Pokok Sena,Kedah,6579
MUKIM LIMAU HANTU,Machang,Kelantan,7260
MUKIM LIMAU KASTURI,Gua Musang,Kelantan,2006
MUKIM LIMBONG,Kota Setar,Kedah,1814
MUKIM LINAU,Batu Pahat,Johor,22448
MUKIM LINGGI,Port Dickson,Negeri Sembilan,6096
MUKIM LIPAT KAJANG,Temerloh,Pahang,1542
MUKIM LOSONG,Kuala Terengganu,Terengganu,9788
MUKIM LUBOK,Batu Pahat,Johor,7213
MUKIM LUBOK ANCHING,Pasir Mas,Kelantan,4281
MUKIM LUBOK BONGOR,Jeli,Kelantan,3133
MUKIM LUBOK GONG,Pasir Mas,Kelantan,3349
MUKIM LUBOK JAMBU,Kota Bharu,Kelantan,1447
MUKIM LUBOK KAWAH,Pasir Mas,Kelantan,2445
MUKIM LUBOK MERBAU,Kuala Kangsar,Perak,4233
MUKIM LUBOK PUKOL,Kota Bharu,Kelantan,2901
MUKIM LUBOK SETOL,Pasir Mas,Kelantan,2396
MUKIM LUBOK TAPAH,Pasir Mas,Kelantan,2157
MUKIM LUBOK TEMBESU,Bachok,Kelantan,2269
MUKIM LUBUK KAWAH,Besut,Terengganu,8542
MUKIM LUIT,Maran,Pahang,13780
MUKIM LUMUT,Manjung,Perak,52550
MUKIM LUMUT,Manjung,,4
MUKIM LUNDANG,Kota Bharu,Kelantan,6984
MUKIM LUNDANG PAKU,Kota Bharu,Kelantan,2764
MUKIM MACHANG,Machang,Kelantan,14278
MUKIM MACHAP,Alor Gajah,Malacca,6763
MUKIM MACHAP,Kluang,Johor,6590
MUKIM MAHANG,Kulim,Kedah,2795
MUKIM MAHANG BARAT,Kota Bharu,Kelantan,10839
MUKIM MAHANG TIMOR,Kota Bharu,Kelantan,9937
MUKIM MAK LIPAH,Bachok,Kelantan,1775
MUKIM MAK NERALANG,Tumpat,Kelantan,1377
MUKIM MAKA,Tanah Merah,Kelantan,19386
MUKIM MALAKA PINDAH,Alor Gajah,Malacca,6583
MUKIM MALAU,Kubang Pasu,Kedah,3495
MUKIM MAMBONG,Kuala Krai,Kelantan,1511
MUKIM MANEK URAI,Kuala Krai,Kelantan,13093
MUKIM MANIR,Kuala Terengganu,Terengganu,29968
MUKIM MANJOR,Kuala Krai,Kelantan,9894
MUKIM MASJID TANAH,Alor Gajah,Malacca,11952
MUKIM MELAWI,Bachok,Kelantan,4719
MUKIM MELEKEK,Alor Gajah,Malacca,2723
MUKIM MELOR,Kota Bharu,Kelantan,4950
MUKIM MENTAKAB,Temerloh,Pahang,45584
MUKIM MENTUAN,Kota Bharu,Kelantan,5495
MUKIM MERANG,Setiu,Terengganu,3340
MUKIM MERANTI,Pasir Mas,Kelantan,5765
MUKIM MERBOK,Kuala Muda,Kedah,9782
MUKIM MERBOL,Pasir Puteh,Kelantan,2229
MUKIM MERCANG,Marang,Terengganu,8701
MUKIM MERKANG,Pasir Puteh,Kelantan,4482
MUKIM MERLIMAU,Jasin,Malacca,20759
MUKIM MERSING,Mersing,Johor,47493
MUKIM MIKU,Rembau,Negeri Sembilan,170
MUKIM MINYAK BEKU,Batu Pahat,Johor,18517
MUKIM MORAK,Tumpat,Kelantan,10236
MUKIM MORIB,Kuala Langat,Selangor,2314
MUKIM NAGA,Kubang Pasu,Kedah,8606
MUKIM NAGA LILIT,Kulim,Kedah,8209
MUKIM NERASAU,Rembau,Negeri Sembilan,818
MUKIM NGULANG,Perlis,Perlis,3600
MUKIM NIBONG,Tanah Merah,Kelantan,6443
MUKIM NIPAH,Bachok,Kelantan,2526
MUKIM NIYOR,Kluang,Johor,5700
MUKIM NYALAS,Jasin,Malacca,9802
MUKIM ORAN,Perlis,Perlis,3424
MUKIM PADANG BONGOR,Kota Bharu,Kelantan,14495
MUKIM PADANG CHINA,Kulim,Kedah,2023
MUKIM PADANG EMBON,Pasir Mas,Kelantan,4834
MUKIM PADANG ENDAU,Mersing,Johor,11125
MUKIM PADANG ENGGANG,Kota Bharu,Kelantan,6833
MUKIM PADANG GARONG,Kota Bharu,Kelantan,3141
MUKIM PADANG HANG,Kota Setar,Kedah,4241
MUKIM PADANG KEMUNCHUT,Machang,Kelantan,1484
MUKIM PADANG KERBAU,Pendang,Kedah,9701
MUKIM PADANG LALANG,Kota Setar,Kedah,6687
MUKIM PADANG LEBAN,Kota Bharu,Kelantan,2715
MUKIM PADANG MAT SIRAT,Langkawi,Kedah,73
MUKIM PADANG MAT SIRAT,,,0
MUKIM PADANG MEHA,Kulim,Kedah,3135
MUKIM PADANG PAK AMAT,Pasir Puteh,Kelantan,8148
MUKIM PADANG PAUH,Perlis,Perlis,4463
MUKIM PADANG PELIANG,Pendang,Kedah,3380
MUKIM PADANG PERAHU,Kubang Pasu,Kedah,3673
MUKIM PADANG PUSING,Pendang,Kedah,8558
MUKIM PADANG RAJA,Kota Bharu,Kelantan,4079
MUKIM PADANG SAKAR,Kota Bharu,Kelantan,2357
MUKIM PADANG SEBANG,Alor Gajah,Malacca,4121
MUKIM PADANG SEMABOK,Melaka Tengah,Malacca,896
MUKIM PADANG SIDING,Perlis,Perlis,6685
MUKIM PADANG TEMAK,Padang Terap,Kedah,4421
MUKIM PADANG TEMU,Melaka Tengah,Malacca,5402
MUKIM PADANG TENGAH,Kota Bharu,Kelantan,2085
MUKIM PADANG TERAP KANAN,Padang Terap,Kedah,2001
MUKIM PADANG TERAP KIRI,Padang Terap,Kedah,4039
MUKIM PAHANG TUA,Pekan,Pahang,12010
MUKIM PAK PURA,Bachok,Kelantan,7323
MUKIM PAKOH,Kuala Nerus,Terengganu,2206
MUKIM PALEKBANG,Tumpat,Kelantan,4991
MUKIM PALOH,Kluang,Johor,14460
MUKIM PALOH,Pasir Mas,Kelantan,1682
MUKIM PALUH,Kuala Terengganu,Terengganu,9613
MUKIM PANCHOR,Kota Bharu,Kelantan,18045
MUKIM PANGKAL PISANG,Kota Bharu,Kelantan,3891
MUKIM PANGKALAN NANGKA,Besut,Terengganu,4747
MUKIM PANTAI,Seremban,Negeri Sembilan,4418
MUKIM PANTAI,Setiu,Terengganu,6383
MUKIM PANTAI TIMUR,Kota Tinggi,Johor,7174
MUKIM PARIT,Kota Bharu,Kelantan,4961
MUKIM PARIT BAKAR,Muar,Johor,11816
MUKIM PARIT BUNTAR,Kerian,Perak,40267
MUKIM PARIT JAWA,Muar,Johor,11592
MUKIM PARIT MELANA,Alor Gajah,Malacca,1901
MUKIM PARIT TINGGI,Kuala Pilah,Negeri Sembilan,1140
MUKIM PASANGAN,Kuala Selangor,Selangor,8018
MUKIM PASIR AKAR,Besut,Terengganu,6188
MUKIM PASIR GANDA,Tanah Merah,Kelantan,25724
MUKIM PASIR HA,Kota Bharu,Kelantan,3567
MUKIM PASIR MAS,Kota Bharu,Kelantan,3511
MUKIM PASIR PANJANG,Port Dickson,Negeri Sembilan,7730
MUKIM PASIR PANJANG,Sabak Bernam,Selangor,14742
MUKIM PASIR PANJANG HULU,Perak Tengah,Perak,3376
MUKIM PASIR PEKAN,Tumpat,Kelantan,9620
MUKIM PASIR PUTEH,Pasir Puteh,Kelantan,7520
MUKIM PASIR RAJA,Dungun,Terengganu,1701
MUKIM PASIR SALAK,Perak Tengah,Perak,12302
MUKIM PASIR SEMUT,Kemaman,Terengganu,2887
MUKIM PATEK,Kota Bharu,Kelantan,4656
MUKIM PAUH,Kota Bharu,Kelantan,7196
MUKIM PAUH SEMBILAN,Bachok,Kelantan,9717
MUKIM PAYA,Kota Bharu,Kelantan,2130
MUKIM PAYA,Perlis,Perlis,5222
MUKIM PAYA MENGKUANG,Bachok,Kelantan,4616
MUKIM PAYA RUMPUT,Melaka Tengah,Malacca,11353
MUKIM PEDAH,Jerantut,Pahang,29687
MUKIM PEDAS,Rembau,Negeri Sembilan,6086
MUKIM PEDU,Padang Terap,Kedah,5407
MUKIM PEGOH,Alor Gajah,Malacca,3808
MUKIM PEK,Machang,Kelantan,2407
MUKIM PEKAN,Pekan,Pahang,26483
MUKIM PEKULA,Kuala Muda,Kedah,6100
MUKIM PELAGAT,Besut,Terengganu,12926
MUKIM PELANGAI,Bentong,Pahang,15172
MUKIM PELUBANG,Kubang Pasu,Kedah,4014
MUKIM PEMANOK,Machang,Kelantan,4895
MUKIM PENDEK,Kota Bharu,Kelantan,7575
MUKIM PENGADANG BULUH,Kuala Terengganu,Terengganu,15126
MUKIM PENGERANG,Kota Tinggi,Johor,14175
MUKIM PENGHULU DIMAN,Hulu Terengganu,Terengganu,12776
MUKIM PENGKALAN,Pasir Puteh,Kelantan,3645
MUKIM PENGKALAN AOR,Larut dan Matang,Perak,38909
MUKIM PENGKALAN BAHARU,Manjung,Perak,31045
MUKIM PENGKALAN CHEPA,Kota Bharu,Kelantan,4399
MUKIM PENGKALAN HULU,Hulu Perak,Perak,16218
MUKIM PENGKALAN KUNDOR,Kota Setar,Kedah,5787
MUKIM PENGKALAN RAJA,Pontian,Johor,1295
MUKIM PENJOM,Lipis,Pahang,9900
MUKIM PENOR,Kuantan,Pahang,9164
MUKIM PENYOR,Pekan,Pahang,24381
MUKIM PERADONG,Jelebu,Negeri Sembilan,1819
MUKIM PERAK,Temerloh,Pahang,44021
MUKIM PERETAK,Ulu Selangor,Selangor,1545
MUKIM PERING,Kubang Pasu,Kedah,6394
MUKIM PERINGAT,Kota Bharu,Kelantan,6962
MUKIM PERIOK,Tumpat,Kelantan,3287
MUKIM PERMATANG PASIR,Bandar Baharu,Kedah,257
MUKIM PERMATANG SUNGKAI,Pasir Puteh,Kelantan,2641
MUKIM PERNU,Melaka Tengah,Malacca,6516
MUKIM PERNU,,Malacca,646
MUKIM PEROL,Kota Bharu,Kelantan,1351
MUKIM PERTANG,Jelebu,Negeri Sembilan,7644
MUKIM PERUPOK,Bachok,Kelantan,2556
MUKIM PESERAI,Batu Pahat,Johor,10495
MUKIM PETALING,Petaling,Selangor,681018
MUKIM PILAH,Kuala Pilah,Negeri Sembilan,8872
MUKIM PILIN,Rembau,Negeri Sembilan,727
MUKIM PINANG TUNGGAL,Kuala Muda,Kedah,5388
MUKIM PINTU GANG,Kota Bharu,Kelantan,7929
MUKIM PLENTONG,Johor Bahru,Johor,661197
MUKIM POGOH,Segamat,Johor,19378
MUKIM PONTIAN,Pontian,Johor,33860
MUKIM PONTIAN,Rompin,Pahang,9701
MUKIM PORT DICKSON,Port Dickson,Negeri Sembilan,7237
MUKIM PRINGGIT,Melaka Tengah,Malacca,6426
MUKIM PULAI,Baling,Kedah,20108
MUKIM PULAI,Gua Musang,Kelantan,4116
MUKIM PULAI,Johor Bahru,Johor,487439
MUKIM PULAI CHONDONG,Machang,Kelantan,4243
MUKIM PULAU,Kota Bharu,Kelantan,4229
MUKIM PULAU AUR,Mersing,Johor,532
MUKIM PULAU BELANGA,Kota Bharu,Kelantan,3165
MUKIM PULAU BESAR,Tumpat,Kelantan,479
MUKIM PULAU GAJAH,Kota Bharu,Kelantan,2685
MUKIM PULAU KAMIRI,Kuala Kangsar,Perak,13947
MUKIM PULAU KERENGGA,Marang,Terengganu,18567
MUKIM PULAU KUNDOR,Kota Bharu,Kelantan,2559
MUKIM PULAU MANIS,Pekan,Pahang,2087
MUKIM PULAU PANJANG,Kota Bharu,Kelantan,2324
MUKIM PULAU PERHENTIAN,Besut,Terengganu,2164
MUKIM PULAU PERHENTIAN,Besut,,0
MUKIM PULAU PERHENTIAN,,,0
MUKIM PULAU PISANG,Kota Bharu,Kelantan,3444
MUKIM PULAU REDANG,Kuala Nerus,Terengganu,2107
MUKIM PULAU REDANG,Kuala Nerus,,48
MUKIM PULAU REDANG,,,0
MUKIM PULAU RUSA,Pekan,Pahang,707
MUKIM PULAU SEBANG,Alor Gajah,Malacca,9663
MUKIM PULAU TAWAR,Jerantut,Pahang,22031
MUKIM PULAU TIGA,Perak Tengah,Perak,4318
MUKIM PULAU-PULAU,Kuala Nerus,Terengganu,4335
MUKIM PUTAT,Kubang Pasu,Kedah,4970
MUKIM RAJA,Machang,Kelantan,2664
MUKIM RAMBAI,Pendang,Kedah,7392
MUKIM RAMBAI,Tanah Merah,Kelantan,2210
MUKIM RAMUAN CHINA BESAR,Alor Gajah,Malacca,3862
MUKIM RAMUAN CHINA KECHIL,Alor Gajah,Malacca,3004
MUKIM RANTAU,Seremban,Negeri Sembilan,49059
MUKIM RANTAU PANJANG,Kuala Muda,Kedah,3858
MUKIM RANTAU PANJANG,Pasir Mas,Kelantan,10488
MUKIM RASA,Ulu Selangor,Selangor,2840
MUKIM RASAH,Seremban,Negeri Sembilan,32461
MUKIM RASAU,Dungun,Terengganu,15573
MUKIM RAWANG,Gombak,Selangor,93180
MUKIM RELAI,Gua Musang,Kelantan,28017
MUKIM RELAU,Bandar Baharu,Kedah,2776
MUKIM REMBIA,Alor Gajah,Malacca,6777
MUKIM RENGAM,Kluang,Johor,42386
MUKIM RENGAS,Kuala Terengganu,Terengganu,3215
MUKIM RENOK,Gua Musang,Kelantan,13366
MUKIM REPAH,Tampin,Negeri Sembilan,1459
MUKIM REPEK,Bachok,Kelantan,8851
MUKIM RIM,Jasin,Malacca,6023
MUKIM RIMBA TERJUN,Pontian,Johor,26111
MUKIM RINGLET,Cameron Highlands,Pahang,9574
MUKIM ROMPIN,Jempol,Negeri Sembilan,30364
MUKIM ROMPIN,Rompin,Pahang,15120
MUKIM RUNGKUP,Bagan Datuk,Perak,9651
MUKIM RUSA,Bachok,Kelantan,4514
MUKIM RUSILA,Marang,Terengganu,19351
MUKIM RUSILA,Marang,,13
MUKIM RUSILA,,,0
MUKIM SABAI,Bentong,Pahang,28858
MUKIM SABAK,Kota Bharu,Kelantan,1131
MUKIM SABAK,Sabak Bernam,Selangor,12192
MUKIM SAKAR,Pasir Mas,Kelantan,4290
MUKIM SALA BESAR,Yan,Kedah,15260
MUKIM SALA KECHIK,Kota Setar,Kedah,4998
MUKIM SALOR,Kota Bharu,Kelantan,2878
MUKIM SANGGANG,Temerloh,Pahang,5867
MUKIM SANGLANG,Perlis,Perlis,27077
MUKIM SAYUNG,Kuala Kangsar,Perak,27603
MUKIM SEBATU,Jasin,Malacca,8356
MUKIM SEDENAK,Kulaijaya,Johor,23268
MUKIM SEDILI BESAR,Kota Tinggi,Johor,9681
MUKIM SEDILI KECHIL,Kota Tinggi,Johor,13036
MUKIM SEDIM,Kulim,Kedah,4458
MUKIM SEGA,Raub,Pahang,4783
MUKIM SELAMA,Selama,Perak,14268
MUKIM SELANDAR,Jasin,Malacca,7301
MUKIM SELEHONG SELATAN,Tumpat,Kelantan,4784
MUKIM SELEHONG UTARA,Tumpat,Kelantan,4608
MUKIM SELEMAK,Rembau,Negeri Sembilan,2366
MUKIM SELIGI,Pasir Puteh,Kelantan,2023
MUKIM SELINSING,Kerian,Perak,10080
MUKIM SELISING,Pasir Puteh,Kelantan,5999
MUKIM SEMABOK,Melaka Tengah,Malacca,9965
MUKIM SEMANTAN,Temerloh,Pahang,18079
MUKIM SEMANTAN HULU,Raub,Pahang,3706
MUKIM SEMBRONG,Mersing,Johor,1107
MUKIM SEMELING,Kuala Muda,Kedah,2199
MUKIM SEMENYIH,Ulu Langat,Selangor,80217
MUKIM SEMERAK,Pasir Puteh,Kelantan,4316
MUKIM SEMERBOK,Rembau,Negeri Sembilan,554
MUKIM SEMPANG,Jasin,Malacca,5199
MUKIM SEMUJOK,Jasin,Malacca,1865
MUKIM SEMUT API,Kota Bharu,Kelantan,3740
MUKIM SENA,Perlis,Perlis,16096
MUKIM SENAI,Kulaijaya,Johor,129439
MUKIM SENAK,Bachok,Kelantan,8395
MUKIM SENGGANG,Kuala Kangsar,Perak,11012
MUKIM SEPANG,Sepang,Selangor,37793
MUKIM SERADA,Kuala Terengganu,Terengganu,8138
MUKIM SERDANG,Bachok,Kelantan,3575
MUKIM SERDANG,Bandar Baharu,Kedah,6321
MUKIM SEREMBAN,Seremban,Negeri Sembilan,24075
MUKIM SERENDAH,Ulu Selangor,Selangor,23882
MUKIM SERIAB,Perlis,Perlis,8193
MUKIM SERING,Kota Bharu,Kelantan,7492
MUKIM SERKAM,Jasin,Malacca,11260
MUKIM SERKAT,Pontian,Johor,7783
MUKIM SERMIN,Segamat,Johor,1712
MUKIM SEROM,Ledang,Johor,22703
MUKIM SERTING HILIR,Jempol,Negeri Sembilan,16832
MUKIM SERTING ULU,Jempol,Negeri Sembilan,11114
MUKIM SETAPAK,Gombak,Selangor,381981
MUKIM SETERPA,Kota Bharu,Kelantan,4416
MUKIM SETUL,Seremban,Negeri Sembilan,29593
MUKIM SI RUSA,Port Dickson,Negeri Sembilan,9290
MUKIM SIDAM KANAN,Kulim,Kedah,19982
MUKIM SIDAM KIRI,Kuala Muda,Kedah,9707
MUKIM SIGAR,Kecil Lojing,Kelantan,5061
MUKIM SIK,Sik,Kedah,29841
MUKIM SIMPANG,Larut dan Matang,Perak,7816
MUKIM SIMPANG KANAN,Batu Pahat,Johor,145002
MUKIM SIMPANG KIRI,Batu Pahat,Johor,30102
MUKIM SIMPANGAN,Tumpat,Kelantan,8205
MUKIM SIMPOR,Kuala Muda,Kedah,7633
MUKIM SINGKIR,Yan,Kedah,1390
MUKIM SIONG,Baling,Kedah,10199
MUKIM SIONG,Sik,Kedah,0
MUKIM SITIAWAN,Manjung,Perak,127595
MUKIM SLIM,Muallim,Perak,21897
MUKIM SOK,Sik,Kedah,8722
MUKIM SOKOR,Tanah Merah,Kelantan,7430
MUKIM SONGSANG,Temerloh,Pahang,2684
MUKIM SPRI,Rembau,Negeri Sembilan,1194
MUKIM SRI GADING,Batu Pahat,Johor,75154
MUKIM SRI MEDAN,Batu Pahat,Johor,25451
MUKIM SRI MENANTI,Kuala Pilah,Negeri Sembilan,2913
MUKIM SRI MENANTI,Muar,Johor,12562
MUKIM SUNGAI ADAM,Perlis,Perlis,2159
MUKIM SUNGAI BAHARU,Kota Setar,Kedah,1427
MUKIM SUNGAI BALANG,Muar,Johor,13509
MUKIM SUNGAI BATU,Bandar Baharu,Kedah,3383
MUKIM SUNGAI BULOH,Petaling,Selangor,243991
MUKIM SUNGAI DAUN,Yan,Kedah,6904
MUKIM SUNGAI DAUN,Yan,,0
MUKIM SUNGAI DURIAN,Hilir Perak,Perak,4102
MUKIM SUNGAI GUMUT,Ulu Selangor,Selangor,2009
MUKIM SUNGAI KARANG,Kuantan,Pahang,66267
MUKIM SUNGAI KARANG,Pontian,Johor,1664
MUKIM SUNGAI KECHIL,Bandar Baharu,Kedah,2209
MUKIM SUNGAI KLUANG,Batu Pahat,Johor,18840
MUKIM SUNGAI LAKA,Kubang Pasu,Kedah,6230
MUKIM SUNGAI LIMAU,Larut dan Matang,Perak,4412
MUKIM SUNGAI MANIK,Hilir Perak,Perak,8227
MUKIM SUNGAI PANJANG,Sabak Bernam,Selangor,6811
MUKIM SUNGAI PASIR,Kuala Muda,Kedah,9640
MUKIM SUNGAI PETANI,Kuala Muda,Kedah,4826
MUKIM SUNGAI PINANG,Tumpat,Kelantan,1972
MUKIM SUNGAI PUNGGOR,Batu Pahat,Johor,11551
MUKIM SUNGAI RAYA,Kinta,Perak,34340
MUKIM SUNGAI RAYA,Muar,Johor,10061
MUKIM SUNGAI SEGAMAT,Segamat,Johor,43177
MUKIM SUNGAI SELUANG,Kulim,Kedah,2131
MUKIM SUNGAI SIPUT,Kuala Kangsar,Perak,48413
MUKIM SUNGAI TERAP,Kinta,Perak,55440
MUKIM SUNGAI TERAP,Muar,Johor,13360
MUKIM SUNGAI TINGGI,Larut dan Matang,Perak,11763
MUKIM SUNGAI TINGGI,Ulu Selangor,Selangor,2457
MUKIM SUNGAI TIRAM,Johor Bahru,Johor,19067
MUKIM SUNGAI ULAR,Kulim,Kedah,9
MUKIM SUNGEI BARU ILIR,Alor Gajah,Malacca,10434
MUKIM SUNGEI BARU TENGAH,Alor Gajah,Malacca,18858
MUKIM SUNGEI BARU ULU,Alor Gajah,Malacca,10170
MUKIM SUNGEI BULOH,Alor Gajah,Malacca,889
MUKIM SUNGEI PETAI,Alor Gajah,Malacca,6658
MUKIM SUNGEI PINGGAN,Pontian,Johor,6307
MUKIM SUNGEI RAMBAI,Jasin,Malacca,9313
MUKIM SUNGEI SIPUT,Alor Gajah,Malacca,1931
MUKIM SUNGEI UDANG,Melaka Tengah,Malacca,24725
MUKIM SUNGKAI,Batang Padang,Perak,31080
MUKIM SURA,Dungun,Terengganu,42889
MUKIM TABAR,Tumpat,Kelantan,303
MUKIM TABOH NANING,Alor Gajah,Malacca,8388
MUKIM TAJAR,Kota Setar,Kedah,14535
MUKIM TAKANG,Bachok,Kelantan,432
MUKIM TALAK,Tumpat,Kelantan,1524
MUKIM TAMPIN TENGAH,Tampin,Negeri Sembilan,1275
MUKIM TANAH MERAH,Tanah Merah,Kelantan,11664
MUKIM TANAH RATA,Cameron Highlands,Pahang,10546
MUKIM TANGGA BATU,Melaka Tengah,Malacca,12935
MUKIM TANGGUL,Hulu Terengganu,Terengganu,11615
MUKIM TANGKAK,Ledang,Johor,52532
MUKIM TANJONG,Bachok,Kelantan,733
MUKIM TANJONG CHAT,Kota Bharu,Kelantan,4618
MUKIM TANJONG DUABELAS,Kuala Langat,Selangor,78074
MUKIM TANJONG JERING,Bachok,Kelantan,1430
MUKIM TANJONG KARANG,Kuala Selangor,Selangor,31726
MUKIM TANJONG KLING,Melaka Tengah,Malacca,11750
MUKIM TANJONG KLING,Rembau,Negeri Sembilan,2941
MUKIM TANJONG MINYAK,Melaka Tengah,Malacca,26184
MUKIM TANJONG PAUH,Bachok,Kelantan,2258
MUKIM TANJONG PIANDANG,Kerian,Perak,12682
MUKIM TANJONG RIMAU,Alor Gajah,Malacca,864
MUKIM TANJONG TUALANG,Kinta,Perak,18278
MUKIM TANJUNG BESAR,Lipis,Pahang,3796
MUKIM TANJUNG KUPANG,Johor Bahru,Johor,15412
MUKIM TANJUNG SEMBRONG,Batu Pahat,Johor,39870
MUKIM TANJUNG SURAT,Kota Tinggi,Johor,22993
MUKIM TAPANG,Kota Bharu,Kelantan,10010
MUKIM TASIK,Pasir Puteh,Kelantan,3438
MUKIM TASIK,Setiu,Terengganu,7320
MUKIM TASIK BERANGAN,Pasir Mas,Kelantan,1666
MUKIM TAWAR,Baling,Kedah,9807
MUKIM TEBAK,Kemaman,Terengganu,8707
MUKIM TEBENGAU,Kota Setar,Kedah,4874
MUKIM TEBING TINGGI,Jerantut,Pahang,3325
MUKIM TEBING TINGGI,Kota Bharu,Kelantan,3059
MUKIM TEBING TINGGI,Tanah Merah,Kelantan,2993
MUKIM TEBONG,Tampin,Negeri Sembilan,4361
MUKIM TEBRAU,Johor Bahru,Johor,427975
MUKIM TEDONG,Jasin,Malacca,3670
MUKIM TEH,Jerantut,Pahang,8798
MUKIM TEJA,Kampar,Perak,28362
MUKIM TEKAI,Padang Terap,Kedah,18017
MUKIM TELAGA MAS,Kota Setar,Kedah,3654
MUKIM TELANG,Lipis,Pahang,7213
MUKIM TELEKONG,Kuala Krai,Kelantan,12377
MUKIM TELIAR,Pasir Mas,Kelantan,3145
MUKIM TELIPOK,Pasir Puteh,Kelantan,5114
MUKIM TELOI KANAN,Baling,Kedah,16443
MUKIM TELOI KIRI,Kuala Muda,Kedah,8874
MUKIM TELOK,Kota Bharu,Kelantan,9382
MUKIM TELOK BHARU,Kota Bharu,Kelantan,6591
MUKIM TELOK KITANG,Kota Bharu,Kelantan,1498
MUKIM TELOK MAS,Melaka Tengah,Malacca,9046
MUKIM TELOK MESIRA,Bachok,Kelantan,5057
MUKIM TELOK PANGLIMA GARANG,Kuala Langat,Selangor,49799
MUKIM TELOK RENJUNA,Tumpat,Kelantan,2468
MUKIM TELONG,Bachok,Kelantan,11647
MUKIM TELUK BARU,Bagan Datuk,Perak,8493
MUKIM TELUK KALUNG,Kemaman,Terengganu,15911
MUKIM TEMAI,Pekan,Pahang,925
MUKIM TEMANGAN,Machang,Kelantan,823
MUKIM TEMBELING,Jerantut,Pahang,6145
MUKIM TEMBILA,Besut,Terengganu,8136
MUKIM TEMELONG,Hulu Perak,Perak,3759
MUKIM TEMENGOR,Hulu Perak,Perak,5042
MUKIM TEMIN,Kubang Pasu,Kedah,17071
MUKIM TEMU RANGGAS,Bachok,Kelantan,2782
MUKIM TENANG,Besut,Terengganu,5390
MUKIM TENDONG,Pasir Mas,Kelantan,3693
MUKIM TENGAH,Machang,Kelantan,3066
MUKIM TENGGAROH,Mersing,Johor,3151
MUKIM TEPUS,Bachok,Kelantan,7281
MUKIM TERACHI,Kuala Pilah,Negeri Sembilan,4578
MUKIM TERAP,Kulim,Kedah,5476
MUKIM TERAS,Raub,Pahang,5498
MUKIM TERSAT,Hulu Terengganu,Terengganu,4353
MUKIM TERUNG,Larut dan Matang,Perak,4912
MUKIM TIONG,Kota Bharu,Kelantan,7176
MUKIM TITI GAJAH,Kota Setar,Kedah,2497
MUKIM TITI TINGGI,Perlis,Perlis,17295
MUKIM TITIAN BINTANGOR,Rembau,Negeri Sembilan,2763
MUKIM TOBIAR,Pendang,Kedah,6134
MUKIM TOK BOK,Machang,Kelantan,1943
MUKIM TOK KU,Kota Bharu,Kelantan,5601
MUKIM TOK SANGKOT,Pasir Mas,Kelantan,2224
MUKIM TOK UBAN,Pasir Mas,Kelantan,7019
MUKIM TOLAK,Padang Terap,Kedah,3015
MUKIM TRIANG,Bera,Pahang,57254
MUKIM TRIANG,Mersing,Johor,2206
MUKIM TRIANG ILIR,Jelebu,Negeri Sembilan,4394
MUKIM TUALANG,Pokok Sena,Kedah,7341
MUKIM TUALANG SALAK,Bachok,Kelantan,847
MUKIM TUEL,Kecil Lojing,Kelantan,360
MUKIM TUJOH,Tumpat,Kelantan,7954
MUKIM TUK JAMAL,Kuala Terengganu,Terengganu,5721
MUKIM TUMPAT,Tumpat,Kelantan,8927
MUKIM TUNJANG,Kubang Pasu,Kedah,5534
MUKIM TUPAI,Larut dan Matang,Perak,39510
MUKIM UJONG PASIR,Melaka Tengah,Malacca,3517
MUKIM UJONG PERMATANG,Kuala Selangor,Selangor,8977
MUKIM ULU BENUT,Kluang,Johor,25149
MUKIM ULU BERNAM,Ulu Selangor,Selangor,29718
MUKIM ULU JEMPOL,Kuala Pilah,Negeri Sembilan,2647
MUKIM ULU KELANG,Gombak,Selangor,13358
MUKIM ULU KELANG,Kuala Lumpur,Kuala Lumpur,26230
MUKIM ULU KLAWANG,Jelebu,Negeri Sembilan,1980
MUKIM ULU KUSIAL,Tanah Merah,Kelantan,2811
MUKIM ULU LANGAT,Ulu Langat,Selangor,65649
MUKIM ULU MELAKA,Langkawi,Kedah,20238
MUKIM ULU MUAR,Kuala Pilah,Negeri Sembilan,6294
MUKIM ULU NENGGIRI,Gua Musang,Kelantan,9714
MUKIM ULU SAT,Machang,Kelantan,6715
MUKIM ULU SEMENYIH,Ulu Langat,Selangor,4091
MUKIM ULU SUNGAI JOHOR,Kota Tinggi,Johor,31189
MUKIM ULU SUNGEI SEDILI BESAR,Kota Tinggi,Johor,5536
MUKIM ULU TINGGI,Kuala Selangor,Selangor,215
MUKIM ULU TRIANG,Jelebu,Negeri Sembilan,2582
MUKIM ULU YAM,Ulu Selangor,Selangor,19158
MUKIM UMBAI,Jasin,Malacca,10827
MUKIM UTAN AJI,Perlis,Perlis,17974
MUKIM WAKAF BHARU,Tumpat,Kelantan,7138
MUKIM WAKAF DELIMA,Tumpat,Kelantan,8296
MUKIM WAKAF SIKU,Kota Bharu,Kelantan,1141
MUKIM WAKAF STAN,Kota Bharu,Kelantan,6983
MUKIM WANG BINTONG,Perlis,Perlis,12329
MUKIM WANG TEPUS,Kubang Pasu,Kedah,1718
MUKIM YAN,Yan,Kedah,7284
MUKIM YAN,Yan,,30
MUKIM YAN,,,0
MURUM LAND DISTRICT,Belaga,Sarawak,11122
NANGA AP TOWN DISTRICT,Lubok Antu,Sarawak,0
NANGA MEDAMIT TOWN DISTRICT,Limbang,Sarawak,74
NGEMAH TOWN DISTRICT,Kanowit,Sarawak,95
NIAH LAND DISTRICT,Subis,Sarawak,20464
NIAH TOWN DISTRICT,Subis,Sarawak,9
OYA-DALAT LAND DISTRICT,Dalat,Sarawak,16998
OYAN LAND DISTRICT,Bukit Mabong,Sarawak,2408
PADEH TOWN DISTRICT,Betong,Sarawak,0
PAKAN TOWN DISTRICT,Pakan,Sarawak,125
PAKU LAND DISTRICT,Betong,Sarawak,8704
PAKU LAND DISTRICT,Selangau,Sarawak,128
PAKU TOWN DISTRICT,Bau,Sarawak,132
PALOH TOWN DISTRICT,Tanjung Manis,Sarawak,662
PANDAN LAND DISTRICT,Sebauh,Sarawak,3852
PANDAN TOWN DISTRICT,Sebauh,Sarawak,32
PANDARUAN LAND DISTRICT,Limbang,Sarawak,24964
PANGKALAN AMPAT LAND DISTRICT,Kuching,Sarawak,20223
PANGKALAN KUT TOWN DISTRICT,Serian,Sarawak,0
PANGKALAN TEBANG TOWN DISTRICT,Bau,Sarawak,140
PANTU TOWN DISTRICT,Sri Aman,Sarawak,671
PASAI-SIONG LAND DISTRICT,Sibu,Sarawak,15945
PATAH LAND DISTRICT,Telang Usan,Sarawak,3259
PEDANUM LAND DISTRICT,Pakan,Sarawak,12751
PEJIRU TOWN DISTRICT,Bau,Sarawak,8
PEKAN  TANJUNG LUMPUR,Kuantan,Pahang,511
PEKAN AIR JERNIH,Kemaman,Terengganu,479
PEKAN AIR KUNING,Port Dickson,Negeri Sembilan,222
PEKAN AIR KUNING,Tampin,Negeri Sembilan,6
PEKAN AIR KUNING SELATAN,Tampin,Negeri Sembilan,558
PEKAN AIR MAWANG,Kuala Pilah,Negeri Sembilan,228
PEKAN AIR PUTIH,Kemaman,Terengganu,234
PEKAN ALOR JANGGUS,Kota Setar,Kedah,2287
PEKAN ASAHAN,Ledang,Malacca,146
PEKAN ASAM JAWA,Kuala Selangor,Selangor,6217
PEKAN AYER HITAM,Kubang Pasu,Kedah,3188
PEKAN AYER KUNING,Batang Padang,Perak,379
PEKAN AYER MOLEK,Melaka Tengah,Malacca,233
PEKAN AYER TAWAR,Manjung,Perak,3688
PEKAN BAGAN DATUK,Bagan Datuk,Perak,678
PEKAN BAGAN NAKHODA OMAR,Sabak Bernam,Selangor,21973
PEKAN BAGAN PINANG,Port Dickson,Negeri Sembilan,6921
PEKAN BAGAN TERAP TAMBAHAN,Sabak Bernam,Selangor,616
PEKAN BAHAU,Jempol,Negeri Sembilan,6080
PEKAN BANGI LAMA,Ulu Langat,Selangor,5310
PEKAN BANIR,Batang Padang,Perak,202
PEKAN BANTANG,Muallim,Perak,66
PEKAN BARU HICOM,Petaling,Selangor,14566
PEKAN BARU SALAK TINGGI,Sepang,Selangor,1512
PEKAN BARU SUBANG,Petaling,Selangor,29846
PEKAN BARU SUNGAI BESI,Petaling,Selangor,27254
PEKAN BARU SUNGAI BULOH,Petaling,Selangor,165012
PEKAN BATAK RABIT,Hilir Perak,Perak,264
PEKAN BATANG MALAKA,Tampin,Negeri Sembilan,123
PEKAN BATANG MELAKA,Tampin,Negeri Sembilan,115
PEKAN BATU,Kuala Langat,Selangor,421
PEKAN BATU,Kuala Lumpur,Kuala Lumpur,1592
PEKAN BATU 1 SEPANG,Sepang,Selangor,197
"PEKAN BATU 18, ULU LANGAT",Ulu Langat,Selangor,619
PEKAN BATU 20,Gombak,Selangor,2342
"PEKAN BATU 23, SUNGAI LALANG",Ulu Langat,Selangor,2432
"PEKAN BATU 26, BERANANG",Ulu Langat,Selangor,883
PEKAN BATU BERENDAM,Melaka Tengah,Malacca,3267
PEKAN BATU CAVES,Kuala Lumpur,Kuala Lumpur,1538
PEKAN BATU DUA PULOH,Bagan Datuk,Perak,75
PEKAN BATU EMPAT,Klang,Selangor,7674
PEKAN BATU KIKIR,Jempol,Negeri Sembilan,921
PEKAN BATU KURAU,Larut dan Matang,Perak,915
PEKAN BATU LIMA SIK,Sik,Kedah,5768
PEKAN BATU TIGA,Petaling,Selangor,4693
PEKAN BEMBAN,Jasin,Malacca,171
PEKAN BERANANG,Ulu Langat,Selangor,56
PEKAN BERUAS,Manjung,Perak,237
PEKAN BESERAH,Kuantan,Pahang,5417
PEKAN BESTARI JAYA,Kuala Selangor,Selangor,15094
PEKAN BIKAM,Batang Padang,Perak,135
PEKAN BOTA KANAN,Perak Tengah,Perak,501
PEKAN BRINCHANG,Cameron Highlands,Pahang,1278
PEKAN BROGA,Seremban,Negeri Sembilan,254
PEKAN BUKIT BELIMBING,Kuala Selangor,Selangor,368
PEKAN BUKIT BISA,Sepang,Selangor,2304
PEKAN BUKIT CHANGGANG,Kuala Langat,Selangor,3301
PEKAN BUKIT GELUGOR,Kuala Pilah,Negeri Sembilan,264
PEKAN BUKIT KEMUNING,Klang,Selangor,1393
PEKAN BUKIT KEPAYANG,Seremban,Negeri Sembilan,23579
PEKAN BUKIT MERAH,Kerian,Perak,241
PEKAN BUKIT PAYUNG,Marang,Terengganu,438
PEKAN BUKIT PELANDUK,Port Dickson,Negeri Sembilan,2205
PEKAN BUKIT RAMBAI,Melaka Tengah,Malacca,365
PEKAN BUKIT ROTAN,Kuala Selangor,Selangor,902
PEKAN BUKIT SELAMBAU,Kuala Muda,Kedah,4339
PEKAN BUKIT SUNGAI RAYA,Ulu Langat,Selangor,230
PEKAN BUKIT TALANG,Kuala Selangor,Selangor,594
PEKAN BUKIT TEMBAGA,Padang Terap,Kedah,1409
PEKAN BUKTI,Seremban,Negeri Sembilan,1920
PEKAN CABANG TIGA,Kuala Terengganu,Terengganu,150
PEKAN CEMPAKA,Petaling,Selangor,12566
PEKAN CHANGKAT JERING,Larut dan Matang,Perak,139
PEKAN CHANGKAT KERUING,Manjung,Perak,711
PEKAN CHAROK PADANG,Sik,Kedah,1348
PEKAN CHEMBONG,Rembau,Negeri Sembilan,3777
PEKAN CHENGKAU,Rembau,Negeri Sembilan,254
PEKAN CHENOR,Maran,Pahang,221
PEKAN CHERAS,Ulu Langat,Selangor,90147
PEKAN CHEROH,Raub,Pahang,909
PEKAN CHIKUS,Hilir Perak,Perak,15
PEKAN CHIN CHIN,Jasin,Malacca,75
PEKAN CHODOI,Kuala Langat,Selangor,300
PEKAN CHUAH,Port Dickson,Negeri Sembilan,720
PEKAN COUNTRY HEIGHT,Petaling,Selangor,7022
PEKAN DAMAR LAUT,Manjung,Perak,61
PEKAN DANGI,Kuala Pilah,Negeri Sembilan,197
PEKAN DANGI BARU,Kuala Pilah,Negeri Sembilan,116
PEKAN DATO' BAKAR BAGINDA,Sepang,Selangor,282
PEKAN DEGONG,Hilir Perak,Perak,107
PEKAN DENGKIL,Sepang,Selangor,7789
PEKAN DESA PUCHONG,Petaling,Selangor,35046
PEKAN DESA RAYA,Ulu Langat,Selangor,286
PEKAN DONG,Raub,Pahang,330
PEKAN DURIAN BURUNG,Padang Terap,Kedah,158
PEKAN DURIAN TAWAR,Bera,Pahang,238
PEKAN DURIAN TUNGGAL,Alor Gajah,Malacca,523
PEKAN DUSUN SETIA,Seremban,Negeri Sembilan,1304
PEKAN DUSUN TUA ULU LANGAT,Ulu Langat,Selangor,1484
PEKAN GAJAH PUTEH,Sik,Kedah,491
PEKAN GEMENCHEH BAHRU,Tampin,Negeri Sembilan,2544
PEKAN GRISEK,Ledang,Johor,113
PEKAN GULAU,Sik,Kedah,943
PEKAN GUNONG PONDOK,Kuala Kangsar,Perak,85
PEKAN GUNUNG,Kota Setar,Kedah,4007
PEKAN GUNUNG PASIR,Kuala Pilah,Negeri Sembilan,39
PEKAN GURNEY,Manjung,Perak,2290
PEKAN HICOM,Petaling,Selangor,55951
PEKAN HUTAN MELINTANG,Bagan Datuk,Perak,397
PEKAN JALAN BARU,Kerian,Perak,287
PEKAN JELAWAT,Bachok,Kelantan,495
PEKAN JEMIMA,Port Dickson,Negeri Sembilan,3053
PEKAN JENDARATA,Bagan Datuk,Perak,132
PEKAN JENIANG,Kuala Muda,Kedah,4467
PEKAN JENJAROM,Kuala Langat,Selangor,4640
PEKAN JERAM,Kuala Selangor,Selangor,1550
PEKAN JERANSANG,Jerantut,Pahang,164
PEKAN JERLUN,Kuala Kangsar,Perak,77
PEKAN JERTIH,Besut,Terengganu,709
PEKAN JOHOL,Kuala Pilah,Negeri Sembilan,225
PEKAN JUASSEH,Kuala Pilah,Negeri Sembilan,936
PEKAN JUNJONG,Kulim,Kedah,1765
PEKAN KACAU,Ulu Langat,Selangor,16
PEKAN KAJANG,Ulu Langat,Selangor,139401
PEKAN KAKI BUKIT,Perlis,Perlis,10
PEKAN KAMPONG BAHARU,Manjung,Perak,340
PEKAN KAMPONG BATU,Rembau,Negeri Sembilan,52
PEKAN KAMPONG BULOH AKAR,Perak Tengah,Perak,480
PEKAN KAMPONG KOH,Manjung,Perak,3257
PEKAN KAMPONG KUANTAN,Kuala Selangor,Selangor,1409
"PEKAN KAMPONG PASIR, BATU 14, SEMENYIH",Ulu Langat,Selangor,781
PEKAN KAMPONG SITIAWAN,Manjung,Perak,372
PEKAN KAMPONG SUNGAI HAJI MOHAMED,Bagan Datuk,Perak,30
PEKAN KAMPONG SUNGAI TANGKAS,Ulu Langat,Selangor,6417
PEKAN KAMPUNG BARU,Pendang,Kedah,767
PEKAN KAMPUNG BARU HULU TIRAM BURUK,Kuala Selangor,Selangor,800
PEKAN KAMPUNG BARU KEJAI,Baling,Kedah,354
PEKAN KAMPUNG LALANG,Baling,Kedah,2282
PEKAN KAMPUNG RAJA,Besut,Terengganu,3489
PEKAN KAMPUNG TANJUNG,Padang Terap,Kedah,1295
PEKAN KANCHONG,Kuala Langat,Selangor,811
PEKAN KANCHONG DARAT,Kuala Langat,Selangor,430
PEKAN KANDANG,Melaka Tengah,Malacca,159
PEKAN KANTHAN,Kinta,Perak,729
PEKAN KAPAR,Klang,Selangor,10959
PEKAN KARAI,Kuala Kangsar,Perak,515
PEKAN KARANGAN,Kulim,Kedah,4623
PEKAN KATI,Kuala Kangsar,Perak,236
PEKAN KAYU ARA,Petaling,Selangor,12577
PEKAN KEBUN 500,Pokok Sena,Kedah,1543
PEKAN KECHAU TUI,Lipis,Pahang,619
PEKAN KELANANG BATU ENAM,Kuala Langat,Selangor,660
PEKAN KEMASIK,Kemaman,Terengganu,525
PEKAN KEPONG,Kuala Lumpur,Kuala Lumpur,748
PEKAN KERAMBIT,Lipis,Pahang,5
PEKAN KERDAU,Temerloh,Pahang,414
PEKAN KERLING,Ulu Selangor,Selangor,204
PEKAN KERPAN,Kubang Pasu,Kedah,2395
PEKAN KESANG PAJAK,Jasin,Malacca,265
PEKAN KIJAL,Kemaman,Terengganu,620
PEKAN KINRARA,Petaling,Selangor,114123
PEKAN KLEBANG,Melaka Tengah,Malacca,6857
PEKAN KOBAH,Pendang,Kedah,1028
PEKAN KOTA,Rembau,Negeri Sembilan,289
PEKAN KOTA BAHARU,Kampar,Perak,441
PEKAN KOTA KUALA MUDA,Kuala Muda,Kedah,1702
PEKAN KOTA SARANG SEMUT,Kota Setar,Kedah,2907
PEKAN KOTA SETIA,Perak Tengah,Perak,48
PEKAN KUALA BERANG,Hulu Terengganu,Terengganu,1339
PEKAN KUALA BESUT,Besut,Terengganu,303
PEKAN KUALA JELAI,Kuala Pilah,Negeri Sembilan,172
PEKAN KUALA KERAU,Temerloh,Pahang,406
PEKAN KUALA KLAWANG,Jelebu,Negeri Sembilan,2034
PEKAN KUALA PAHANG,Pekan,Pahang,357
PEKAN KUALA PAKA,Dungun,Terengganu,685
PEKAN KUALA PAUH,Kuala Lumpur,Kuala Lumpur,453
PEKAN KUALA PEGANG,Baling,Kedah,1974
PEKAN KUALA PERLIS,Perlis,Perlis,32
PEKAN KUALA ROMPIN,Rompin,Pahang,338
PEKAN KUALA SANGLANG,Kubang Pasu,Kedah,1325
PEKAN KUALA SUNGAI BARU,Alor Gajah,Malacca,421
PEKAN KUALA SUNGAI BULOH,Kuala Selangor,Selangor,3452
PEKAN KUALA TEMBELING,Jerantut,Pahang,178
PEKAN KUANG,Gombak,Selangor,5403
PEKAN KUBUR PANJANG,Pendang,Kedah,1075
PEKAN LABU,Seremban,Negeri Sembilan,1066
PEKAN LABU BESAR,Kulim,Kedah,2466
PEKAN LANCHANG,Temerloh,Pahang,729
PEKAN LANGKAP,Hilir Perak,Perak,683
PEKAN LENGGENG,Seremban,Negeri Sembilan,28
PEKAN LINGGI,Port Dickson,Negeri Sembilan,751
PEKAN LUBOK CHINA,Alor Gajah,Malacca,216
PEKAN LUBOK CHINA,Rembau,Negeri Sembilan,51
PEKAN LUBOK MERBAU,Kuala Kangsar,Perak,175
PEKAN LUBOK MERBAU,Padang Terap,Kedah,3339
PEKAN LUBOK TAMANG,Cameron Highlands,Pahang,4
PEKAN LUBUK BUNTAR,Bandar Baharu,Kedah,1240
PEKAN LUKUT,Port Dickson,Negeri Sembilan,11347
PEKAN MAHANG,Kulim,Kedah,686
PEKAN MAHSAN,Jempol,Negeri Sembilan,1755
PEKAN MALAU,Baling,Kedah,538
PEKAN MALIM NAWAR,Kampar,Perak,2073
PEKAN MAMBAU,Seremban,Negeri Sembilan,2586
PEKAN MANONG,Kuala Kangsar,Perak,263
PEKAN MANTIN,Seremban,Negeri Sembilan,2911
PEKAN MARANG,Marang,Terengganu,80
PEKAN MELA,Lipis,Pahang,267
PEKAN MELANG,Kuala Pilah,Negeri Sembilan,2646
PEKAN MENGKARAK,Bera,Pahang,1253
PEKAN MENGKUANG,Bera,Pahang,938
PEKAN MERAPUH,Lipis,Pahang,1316
PEKAN MERBAU PULAS,Kulim,Kedah,2650
PEKAN MERBAU SEMBILAN,Rembau,Negeri Sembilan,439
PEKAN MERBAU SEMPAK,Petaling,Selangor,283
PEKAN MERU,Klang,Selangor,3114
PEKAN MIMALAND,Gombak,Selangor,85
PEKAN MORIB,Kuala Langat,Selangor,246
PEKAN MULONG,Kota Bharu,Kelantan,51
PEKAN NAKA,Padang Terap,Kedah,2075
PEKAN NAPOH,Kubang Pasu,Kedah,872
PEKAN NENASI,Pekan,Pahang,198
PEKAN NILAI,Seremban,Negeri Sembilan,11963
PEKAN NYALAS,Jasin,Malacca,95
PEKAN PADANG MEHA,Kulim,Kedah,4579
PEKAN PADANG RENGAS,Kuala Kangsar,Perak,524
PEKAN PADANG SANAI,Padang Terap,Kedah,847
PEKAN PADANG TENGKU,Lipis,Pahang,1360
PEKAN PAJAM,Seremban,Negeri Sembilan,292
PEKAN PANCOR,Seremban,Negeri Sembilan,5283
PEKAN PANDAMARAN,Klang,Selangor,44948
PEKAN PANGKOR,Manjung,Perak,444
PEKAN PANTAI REMIS,Manjung,Perak,342
PEKAN PARIT,Perak Tengah,Perak,262
PEKAN PARIT BARU,Sabak Bernam,Selangor,585
PEKAN PARIT ENAM,Sabak Bernam,Selangor,60
PEKAN PARIT MAHANG,Kuala Selangor,Selangor,237
PEKAN PARIT PANJANG,Baling,Kedah,1316
PEKAN PARIT SEMBILAN,Sabak Bernam,Selangor,31
PEKAN PARIT TINGGI,Kuala Pilah,Negeri Sembilan,106
PEKAN PAROI,Seremban,Negeri Sembilan,3461
PEKAN PAROI JAYA,Seremban,Negeri Sembilan,6812
PEKAN PASIR BESAR,Tampin,Negeri Sembilan,551
PEKAN PASIR BOGAK,Manjung,Perak,1418
PEKAN PASIR PANJANG,Port Dickson,Negeri Sembilan,238
PEKAN PASIR PANJANG,Sabak Bernam,Selangor,810
PEKAN PASIR PENAMBANG,Kuala Selangor,Selangor,3383
PEKAN PAYA RUMPUT,Melaka Tengah,Malacca,160
PEKAN PEDAS,Rembau,Negeri Sembilan,992
PEKAN PEKAN NENAS,Pontian,Johor,1015
PEKAN PENAGA,Petaling,Selangor,25115
PEKAN PENGKALAN BAHARU,Manjung,Perak,239
PEKAN PENGKALAN KEMPAS,Port Dickson,Negeri Sembilan,134
PEKAN PENGKALAN KUNDANG,Gombak,Selangor,17155
PEKAN PENJOM,Lipis,Pahang,2128
PEKAN PERETAK,Ulu Selangor,Selangor,19
PEKAN PERMATANG PASIR,Kuala Langat,Selangor,447
PEKAN PERTANG,Jelebu,Negeri Sembilan,789
PEKAN PETALING,Jelebu,Negeri Sembilan,197
PEKAN PETALING,Kuala Lumpur,Kuala Lumpur,69
PEKAN PONDOK TANJONG,Kerian,Perak,20
PEKAN PORT DICKSON,Port Dickson,Negeri Sembilan,14328
PEKAN PUCHONG,Petaling,Selangor,602
PEKAN PUCHONG JAYA,Petaling,Selangor,49808
PEKAN PUCHONG PERDANA,Petaling,Selangor,82291
PEKAN PULAI,Baling,Kedah,3354
PEKAN RAHANG BARU,Seremban,Negeri Sembilan,12400
PEKAN RANTAU,Seremban,Negeri Sembilan,2532
PEKAN RANTAU PANJANG,Pasir Mas,Kelantan,1734
PEKAN RANTAU PANJANG,Selama,Perak,177
PEKAN RASAH JAYA,Seremban,Negeri Sembilan,11264
PEKAN RELAU,Bandar Baharu,Kedah,1393
PEKAN REMBAU,Rembau,Negeri Sembilan,3300
PEKAN REMBIA,Alor Gajah,Malacca,540
PEKAN REPAH,Tampin,Negeri Sembilan,16
PEKAN REPAH JAYA,Tampin,Negeri Sembilan,211
PEKAN REPAH PERMAI,Tampin,Negeri Sembilan,467
PEKAN RINGLET,Cameron Highlands,Pahang,468
PEKAN ROMPIN,Jempol,Negeri Sembilan,842
PEKAN RPSB KG. PAGAR,Lipis,Pahang,277
PEKAN RUMAH MURAH SUNGAI LUI,Ulu Langat,Selangor,111
PEKAN SABAK,Sabak Bernam,Selangor,4381
PEKAN SALAK,Kuala Kangsar,Perak,71
PEKAN SALAK,Sepang,Selangor,219
PEKAN SALAK SOUTH,Kuala Lumpur,Kuala Lumpur,400
PEKAN SANGLANG,Kubang Pasu,Kedah,2587
PEKAN SEGARI,Manjung,Perak,245
PEKAN SEKINCHAN SITE A,Sabak Bernam,Selangor,311
PEKAN SEKINCHAN TAMBAHAN,Sabak Bernam,Selangor,4927
PEKAN SELAMA,Bandar Baharu,Kedah,1651
PEKAN SELANDAR,Jasin,Malacca,160
PEKAN SELEKOH,Bagan Datuk,Perak,127
PEKAN SELISING,Pasir Puteh,Kelantan,78
PEKAN SEMENYIH,Ulu Langat,Selangor,16120
PEKAN SEMPANG BEKOH,Jasin,Malacca,266
PEKAN SENALING,Kuala Pilah,Negeri Sembilan,244
PEKAN SENAWANG,Seremban,Negeri Sembilan,60325
PEKAN SERDANG,Petaling,Selangor,108813
PEKAN SEREMBAN JAYA,Seremban,Negeri Sembilan,14500
PEKAN SERI KENDONG,Alor Gajah,Malacca,175
PEKAN SERI KOTA,Rembau,Negeri Sembilan,295
PEKAN SERTING TENGAH,Jempol,Negeri Sembilan,407
PEKAN SETUL,Seremban,Negeri Sembilan,8344
PEKAN SHAH BANDAR,Seremban,Negeri Sembilan,1116
PEKAN SIJANGKANG,Kuala Langat,Selangor,445
PEKAN SIKAMAT,Seremban,Negeri Sembilan,16966
PEKAN SIMPANG,Larut dan Matang,Perak,2421
PEKAN SIMPANG BALAK,Ulu Langat,Selangor,3333
PEKAN SIMPANG DURIAN,Jelebu,Negeri Sembilan,807
PEKAN SIMPANG EMPAT,Bagan Datuk,Perak,555
PEKAN SIMPANG EMPAT,Kerian,Perak,11
PEKAN SIMPANG LIMA,Kerian,Perak,308
PEKAN SIMPANG LIMA TAMBAHAN,Sabak Bernam,Selangor,287
PEKAN SIMPANG MORIB,Kuala Langat,Selangor,488
PEKAN SIMPANG PERTANG,Jelebu,Negeri Sembilan,892
PEKAN SIMPANG PULAI,Kinta,Perak,113
PEKAN SIMPANG SUNGAI CHOH,Ulu Selangor,Selangor,1275
PEKAN SIMPANG TIGA,Bagan Datuk,Perak,401
PEKAN SIMPANG TIGA,Kuala Selangor,Selangor,204
PEKAN SIMPANG TIGA IJOK,Kuala Selangor,Selangor,6341
PEKAN SIMPANG TIGA SUNGAI LIMAU,Yan,Kedah,4036
PEKAN SINGKIR,Yan,Kedah,1661
PEKAN SINTOK,Kubang Pasu,Kedah,9812
PEKAN SITIAWAN,Manjung,Perak,4258
PEKAN SLIM,Muallim,Perak,83
PEKAN SRI JAYA,Maran,Pahang,360
PEKAN SRI NANDING,Ulu Langat,Selangor,2254
PEKAN SUBANG,Petaling,Selangor,29961
PEKAN SUBANG JAYA,Petaling,Selangor,95328
PEKAN SUNGAI  KARANGAN,Kulim,Kedah,6963
PEKAN SUNGAI AIR TAWAR TAMBAHAN,Sabak Bernam,Selangor,818
PEKAN SUNGAI BAYUR,Selama,Perak,22
PEKAN SUNGAI BESAR,Sabak Bernam,Selangor,9978
PEKAN SUNGAI BULOH,Gombak,Selangor,25699
PEKAN SUNGAI BULOH,Petaling,Selangor,990
PEKAN SUNGAI GADUT,Seremban,Negeri Sembilan,27223
PEKAN SUNGAI GEDONG,Kerian,Perak,77
PEKAN SUNGAI HAJI DORANI,Sabak Bernam,Selangor,1224
PEKAN SUNGAI KECIL ILLIR,Bandar Baharu,Kedah,932
PEKAN SUNGAI KEMBONG BERANANG,Ulu Langat,Selangor,15
PEKAN SUNGAI KOB,Kulim,Kedah,7471
PEKAN SUNGAI KOROK,Kubang Pasu,Kedah,1032
PEKAN SUNGAI LESONG,Batang Padang,Perak,350
PEKAN SUNGAI LIMAU DALAM,Yan,Kedah,4544
PEKAN SUNGAI LUI,Ulu Langat,Selangor,381
PEKAN SUNGAI MAKAU,Ulu Langat,Selangor,2334
PEKAN SUNGAI MANGGIS,Kuala Langat,Selangor,3682
PEKAN SUNGAI MENYALA,Port Dickson,Negeri Sembilan,4064
PEKAN SUNGAI MERAB,Sepang,Selangor,147
PEKAN SUNGAI MUNTOH,Jelebu,Negeri Sembilan,334
PEKAN SUNGAI NIBONG,Sabak Bernam,Selangor,207
PEKAN SUNGAI PELEK,Sepang,Selangor,4735
PEKAN SUNGAI PENCHALA,Kuala Lumpur,Kuala Lumpur,2925
PEKAN SUNGAI PINANG KECHIL,Manjung,Perak,290
PEKAN SUNGAI RABA,Kuala Langat,Selangor,396
PEKAN SUNGAI RAMBAI,Jasin,Malacca,178
PEKAN SUNGAI SEMBILANG,Kuala Selangor,Selangor,537
PEKAN SUNGAI SEPINTAS,Sabak Bernam,Selangor,58
PEKAN SUNGAI SUMUN,Bagan Datuk,Perak,0
PEKAN SUNGAI TIANG,Pendang,Kedah,2093
PEKAN SUNGAI UDANG,Melaka Tengah,Malacca,3042
PEKAN TAMAN JELAI,Lipis,Pahang,131
PEKAN TAMAN PKNS,Kuala Selangor,Selangor,248
PEKAN TAMAN SEREMBAN,Seremban,Negeri Sembilan,3022
PEKAN TAMBAK JAWA,Kuala Selangor,Selangor,1193
PEKAN TAMPIN TENGAH,Tampin,Negeri Sembilan,20091
PEKAN TANAH MERAH,Pendang,Kedah,3130
PEKAN TANAH MERAH SELATAN,Port Dickson,Negeri Sembilan,331
PEKAN TANAH MERAH UTARA,Port Dickson,Negeri Sembilan,278
PEKAN TANGGA BATU,Melaka Tengah,Malacca,615
PEKAN TANJONG BELANJA,Perak Tengah,Perak,251
PEKAN TANJONG DUABELAS,Kuala Langat,Selangor,293
PEKAN TANJONG IPOH,Kuala Pilah,Negeri Sembilan,323
PEKAN TANJONG KARANG,Kuala Selangor,Selangor,4568
PEKAN TANJONG KLING,Melaka Tengah,Malacca,1505
PEKAN TANJONG PIANDANG,Kerian,Perak,195
PEKAN TANJONG TUALANG,Kinta,Perak,606
PEKAN TANJUNG DAWAI,Kuala Muda,Kedah,2667
PEKAN TANJUNG MAS,Sepang,Selangor,360
PEKAN TAPAH ROAD,Batang Padang,Perak,384
PEKAN TARUN,Ulu Langat,Selangor,41
PEKAN TAWAR,Baling,Kedah,1187
PEKAN TELEMONG,Bentong,Pahang,589
PEKAN TELOK,Kuala Langat,Selangor,4133
PEKAN TELOK  MENEGUN,Klang,Selangor,419
PEKAN TELOK DATAI,Langkawi,Kedah,492
PEKAN TELOK DATOK,Kuala Langat,Selangor,1894
PEKAN TELUK KEMANG,Port Dickson,Negeri Sembilan,3762
PEKAN TEMANGAN,Machang,Kelantan,738
PEKAN TEMOH STATION,Batang Padang,Perak,43
PEKAN TEMPLER,Gombak,Selangor,6962
PEKAN TEROI,Yan,Kedah,1645
PEKAN TEROLAK,Muallim,Perak,243
PEKAN TERUNG,Larut dan Matang,Perak,300
PEKAN TIOMAN,Rompin,Johor,680
PEKAN TIROI,Seremban,Negeri Sembilan,251
PEKAN TITI,Jelebu,Negeri Sembilan,3469
PEKAN TOKAI,Pendang,Kedah,3357
PEKAN TONGKAH,Kuala Langat,Selangor,392
PEKAN TRANUM,Raub,Pahang,41
PEKAN ULU BERANANG,Seremban,Negeri Sembilan,188
PEKAN ULU TEMIANG,Seremban,Negeri Sembilan,3250
PELAGUS LAND DISTRICT,Kapit,Sarawak,1310
PELUGAU LAND DISTRICT,Selangau,Sarawak,0
PLANDOK LAND DISTRICT,Song,Sarawak,1158
PUEH LAND DISTRICT,Lundu,Sarawak,6630
PUEH LAND DISTRICT,,,8
PUNAN LAND DISTRICT,Belaga,Sarawak,22564
PUNDA-SABAL  LAND DISTRICT,Simunjan,Sarawak,6839
PUSA TOWN DISTRICT,Pusa,Sarawak,2529
PUYUT LAND DISTRICT,Marudi,Sarawak,8138
RAJANG TOWN DISTRICT,Tanjung Manis,Sarawak,1324
RAMBUNGAN TOWN DISTRICT,Lundu,Sarawak,37
RASAN LAND DISTRICT,Sebauh,Sarawak,6873
RETUS LAND DISTRICT,Matu,Sarawak,3265
RIAM ROAD BAZAAR TOWN DISTRICT,Miri,Sarawak,320
RIMBAS LAND DISTRICT,Betong,Sarawak,8131
RIRONG LAND DISTRICT,Kapit,Sarawak,1530
ROBAN TOWN DISTRICT,Kabong,Sarawak,403
SABLOR LAND DISTRICT,Betong,Sarawak,0
SABLOR LAND DISTRICT,Pusa,Sarawak,17783
SABU TOWN DISTRICT,Sri Aman,Sarawak,32
SADOK LAND DISTRICT,Betong,Sarawak,2992
SADONG LAND DISTRICT,Asajaya,Sarawak,15028
SADONG LAND DISTRICT,Samarahan,Sarawak,0
SALAK LAND DISTRICT,Kuching,Sarawak,101326
SALAK LAND DISTRICT,Kuching,,0
SALAK LAND DISTRICT,,,26
SAMARAHAN LAND DISTRICT,Samarahan,Sarawak,37
SAMARAHAN LAND DISTRICT,Serian,Sarawak,42525
SAMARANG TOWN DISTRICT,Pusa,,0
SAMPADI LAND DISTRICT,Lundu,Sarawak,7221
SAMPADI LAND DISTRICT,,,0
SANGAN LAND DISTRICT,Tatau,Sarawak,6255
SANTUBONG TOWN DISTRICT,Kuching,Sarawak,892
SARATOK TOWN DISTRICT,Saratok,Sarawak,2551
SARE LAND DISTRICT,Sarikei,Sarawak,4442
SARIKEI LAND DISTRICT,Sarikei,Sarawak,48780
SAWAI LAND DISTRICT,Subis,Sarawak,19119
SEBANGAN TOWN DISTRICT,Simunjan,Sarawak,433
SEBANGAN-KEPAYANG LAND DISTRICT,Simunjan,Sarawak,5835
SEBAUH TOWN DISTRICT,Sebauh,Sarawak,240
SEBLAK LAND DISTRICT,Kabong,Sarawak,6167
SEBUYAU TOWN DISTRICT,Simunjan,Sarawak,1056
SEDILU-GEDONG LAND DISTRICT,Simunjan,Sarawak,13957
SEDUAN LAND DISTRICT,Sibu,Sarawak,91482
SELALANG TOWN DISTRICT,Sarikei,Sarawak,542
SELANGAU LAND DISTRICT,Selangau,Sarawak,0
SELANJAN LAND DISTRICT,Sri Aman,Sarawak,4744
SELEZU LAND DISTRICT,Sebauh,Sarawak,6073
SEMAH LAND DISTRICT,Daro,Sarawak,3025
SEMATAN TOWN DISTRICT,Lundu,Sarawak,734
SENGGI-POAK LAND DISTRICT,Bau,Sarawak,47710
SENGGI-POAK LAND DISTRICT,Kuching,Sarawak,0
SENTAH-SEGU LAND DISTRICT,Serian,Sarawak,88962
SERANI LAND DISTRICT,Bukit Mabong,Sarawak,1000
SEREDENG LAND DISTRICT,Maradong,Sarawak,2830
SERIAN TOWN DISTRICT,Serian,Sarawak,2291
SIBINTEK TOWN DISTRICT,Sibu,Sarawak,535
SIBU TOWN DISTRICT,Sibu,Sarawak,51506
SIBURAN TOWN DISTRICT,Serian,Sarawak,5297
SIBUTI LAND DISTRICT,Subis,Sarawak,12357
SIKAT LAND DISTRICT,Mukah,Sarawak,1712
SILANTEK LAND DISTRICT,Sri Aman,Sarawak,5445
SILAT LAND DISTRICT,Telang Usan,Sarawak,1465
SIMANGGANG TOWN DISTRICT,Sri Aman,Sarawak,11940
SIMUNJAN TOWN DISTRICT,Simunjan,Sarawak,534
SINIAWAN TOWN DISTRICT,Bau,Sarawak,192
SKRANG LAND DISTRICT,Lubok Antu,Sarawak,1863
SKRANG TOWN DISTRICT,Lubok Antu,Sarawak,637
SONG TOWN DISTRICT,Song,Sarawak,1548
SPALI LAND DISTRICT,Kanowit,Sarawak,939
SPAOH TOWN DISTRICT,Betong,Sarawak,740
SPAPA LAND DISTRICT,Selangau,Sarawak,192
STUNGKOR LAND DISTRICT,Lundu,Sarawak,8330
STUNGKOR TOWN DISTRICT,Lundu,Sarawak,0
SUAI LAND DISTRICT,Subis,Sarawak,9874
SUAI TOWN DISTRICT,Subis,Sarawak,0
SUAU LAND DISTRICT,Bukit Mabong,Sarawak,6009
SUNDAR TOWN DISTRICT,Lawas,Sarawak,115
SUNGAI ADANG LAND DISTRICT,Limbang,Sarawak,460
SUNGAI KEDUP LAND DISTRICT,Tebedu,Sarawak,15551
SUNGAI MEDALAM LAND DISTRICT,Limbang,Sarawak,1161
SUNGAI MERAH TOWN  DISTRICT,Serian,Sarawak,27
SUNGAI MERAH TOWN DISTRICT,Sibu,Sarawak,20041
SUNGAI MERANG TOWN DISTRICT,Serian,Sarawak,6
SUNGAI PALAH TOWN DISTRICT,Serian,Sarawak,6
TAI TON TOWN DISTRICT,Bau,Sarawak,108
TAMBIRAT TOWN DISTRICT,Asajaya,Sarawak,148
TAPAH TOWN DISTRICT,Serian,Sarawak,3150
TATAU TOWN DISTRICT,Tatau,Sarawak,75
TEBAKANG TOWN DISTRICT,Serian,Sarawak,225
TEBALAU TOWN DISTRICT,Betong,Sarawak,7
TEBEDU TOWN DISTRICT,Tebedu,Sarawak,261
TEBELU TOWN DISTRICT,Simunjan,Sarawak,204
TEKOYONG LAND DISTRICT,Julau,Sarawak,4928
TELANG USANG LAND DISTRICT,Marudi,Sarawak,2761
TENGOA-SUKANG LAND DISTRICT,Lawas,Sarawak,1532
TERAJA LAND DISTRICT,Marudi,Sarawak,2238
TERBAT TOWN DISTRICT,Tebedu,Sarawak,39
TIANG BEKAP TOWN DISTRICT,Serian,Sarawak,101
TINJAR LAND DISTRICT,Beluru,Sarawak,3779
TONDONG TOWN DISTRICT,Bau,Sarawak,97
TRISO LAND DISTRICT,Pusa,Sarawak,3204
TRUSAN LAND DISTRICT,Lawas,Sarawak,10802
TRUSAN TOWN DISTRICT,Lawas,Sarawak,92
TUBAU TOWN DISTRICT,Sebauh,Sarawak,22
TULAI LAND DISTRICT,Maradong,Sarawak,8658
TUTOH LAND DISTRICT,Telang Usan,Sarawak,2788
UKONG TOWN DISTRICT,Limbang,Sarawak,26
UNDUP LAND DISTRICT,Sri Aman,Sarawak,21399
